-- MySQL Administrator dump 1.4
--
-- ------------------------------------------------------
-- Server version	5.5.20


/*!40101 SET @OLD_CHARACTER_SET_CLIENT=@@CHARACTER_SET_CLIENT */;
/*!40101 SET @OLD_CHARACTER_SET_RESULTS=@@CHARACTER_SET_RESULTS */;
/*!40101 SET @OLD_COLLATION_CONNECTION=@@COLLATION_CONNECTION */;
/*!40101 SET NAMES utf8 */;

/*!40014 SET @OLD_UNIQUE_CHECKS=@@UNIQUE_CHECKS, UNIQUE_CHECKS=0 */;
/*!40014 SET @OLD_FOREIGN_KEY_CHECKS=@@FOREIGN_KEY_CHECKS, FOREIGN_KEY_CHECKS=0 */;
/*!40101 SET @OLD_SQL_MODE=@@SQL_MODE, SQL_MODE='NO_AUTO_VALUE_ON_ZERO' */;


--
-- Create schema db_licencias
--

CREATE DATABASE IF NOT EXISTS db_licencias;
USE db_licencias;

--
-- Definition of table `tblclientes`
--

DROP TABLE IF EXISTS `tblclientes`;
CREATE TABLE `tblclientes` (
  `idcliente` int(10) unsigned NOT NULL AUTO_INCREMENT,
  `nombre` varchar(245) NOT NULL,
  `rfc` varchar(15) NOT NULL,
  `correo` varchar(2000) NOT NULL,
  `distribuidor` int(10) unsigned NOT NULL,
  `telefono` varchar(45) NOT NULL,
  PRIMARY KEY (`idcliente`)
) ENGINE=InnoDB AUTO_INCREMENT=389 DEFAULT CHARSET=utf8;

--
-- Dumping data for table `tblclientes`
--

/*!40000 ALTER TABLE `tblclientes` DISABLE KEYS */;
INSERT INTO `tblclientes` (`idcliente`,`nombre`,`rfc`,`correo`,`distribuidor`,`telefono`) VALUES 
 (3,'PULL SYSTEM SOFT, SA DE CV','PSS100211P40','rlapizco@pullsystemsoft.com     pass: tomaschapo',9,'APYKEY: 4660E9D5C8A0432A'),
 (4,'ROBERTO OCHOA CERVANTES    HILLO','OOCR640402AZ8','copysol@outlook.com',9,''),
 (6,'CLAUDIA VERONICA SERRANO CUAMEA    YA NO FACTURA','SECC710531HW0','claudia_tipro@hotmail.com',9,''),
 (7,'LUIS ENRIQUE CEJA BARRIENTOS  OK','CEBL811202636','',9,''),
 (8,'MARCO ANTONIO ANAYA CEJA   OK    MARIO CERECER NOMINAS','AACM8301186J6','',4,''),
 (9,'ESMERALDA MIRAZO GRANILLO  OK  HIRAM ALVAREZ','MIGE751012E66','h_alvarez09@hotmail.com',9,''),
 (10,'ALFARO SERVICIO Y ASESORIA NOTARIAL S.C.','ASA0409203Z2','alfaronotaria18@prodigy.net.mx',9,''),
 (11,'DISTRIBUCION DE MADERAS, S.A DE C.V.   DIMASA','DMA0108177Q1','',9,''),
 (12,'ISIDRO QUINTERO DEYTA   OK   IQ MATERIALES','QUDI760905NL0','isidro.quintero@iqmateriales.mx',9,'418 03 93'),
 (14,'FRUTILANDIA DE OBREGON S.A. DE C.V.   OK','FOB920724CJ2','',9,''),
 (15,'CONSTRUCCIONES NEAL S.A. DE C.V.','CNE980317430','cneal@hotmail.com',5,''),
 (16,'DISTRIBUIDORA DE FRUTAS FINAS MEZA, S.A DE C.V.   OK','DFF020926DX3','',9,''),
 (17,'VIRGINIA ELSA FIGUEROA LERMA   OK','FILV5705212A0','',9,''),
 (18,'ABDEEL ABIMAEL ATONDO MURRIETA         AMUR','AOMA8607107F0','',5,''),
 (19,'SONORA AVIONICS, INC','FACRSNYRR723K','',9,''),
 (20,'POLENCHOS SERVICIOS INDUSTRIALES S.A. DE C.V.   OK','PSI070716AR8','contraseña en la pagina: polenchos',9,''),
 (21,'DESARROLLOS DOBLE A, S.A. DE C.V.   OK   JESUS LAURO','DDO000704FS8','',2,''),
 (22,'Radiología Siglo XXI','AAAA000000','',0,''),
 (23,'GRAIN LAND, S.A. DE C.V.   OK','GLA080901FE0','',9,''),
 (24,'DANIEL GARCIA CORONADO','GACD660721B43','',9,''),
 (25,'MUROS Y RECUBRIMIENTOS DEL NOROESTE, S.A. DE C.V.','MRN870330A27','myrno@cob.megared.net.mx',9,''),
 (26,'LUIS ANTONIO CHÁVEZ GUERRERO','CAGL660117MU4','clave para entrar a facturafiel: CALG660117',9,''),
 (27,'LUIS ENRIQUE URBALEJO SANCHEZ','UASL7707281W7','',9,''),
 (28,'PANIFICADORA CLAUDIA S.A. DE C.V.','PCL930818DHA','',9,''),
 (29,'ADELA ELVIRA ESCARCEGA PEÑA     EL NORTEÑO','EAPA521221972','',9,''),
 (30,'SAMUEL GUTIERREZ REYNOSO   OK     SYA','GURS6308217U7','',9,''),
 (31,'GALU AGRICOLA Y GANADERA, S.C. DE R.L. DE C.V.    PALAFOX','GAG0610259U5','',9,''),
 (32,'ISMAEL RUIZ LIMA','RULI6406173T4','ismaruli@hotmail.com',9,''),
 (33,'CENTRAL DE BATERIAS S.A. DE C.V.','CBA0107262I7','',9,''),
 (34,'GRUPO LEOBE S.A. DE C.V.','GLE040126MC4','',9,''),
 (35,'LUIS ANTONIO GONZÁLEZ ARREOLA (NAZARIT)  SOLUCIONES INDUSTRIALES','GOAL801116LS4','YA NO FACTURA CON PULL',8,''),
 (36,'FERNANDO ROBERTO PARRA BARRON   OK    PLASTICOS OBREGON','PABF840530LI2','plasticoscalifornia@mail.com',7,''),
 (37,'ISMAEL ALMADA HERNANDEZ    OK  PLASTICOS NAVOJOA','AAHI410214AG3','',7,''),
 (39,'RAMON ROSAS FELIX         (ARANDA)','ROFR5610074EA','',5,''),
 (40,'IVAN ERNESTO SAUCEDO BENITEZ  OK','SABI810416LPA','',9,''),
 (41,'MIGUEL ANDRES SALGADO MILLAN','SAMM620201PD6','',9,''),
 (42,'BALDEMAR AUDEVES SAUCEDA','AUSB650815IL5','',9,''),
 (44,'LIZETH ITURRIOS MONTAÑO','IUML780802266','',12,''),
 (45,'ELISEO NAVARRO CORONADO   PEÑUÑURI    HILLO','NACE5910279J6','',1,''),
 (46,'MARIO TADEO PEÑUÑURI BUJADA     HILLO','PEBM830223T86','DISTRIBUIDOR HILLO',1,''),
 (48,'Pruebas','PRU999999P99','',9,''),
 (49,'ARISOFT ADMINISTRACION RECURSOS E INTELIGENCIA EN SOFTWARE SC','AAR081010BM0','',3,''),
 (50,'PESQUERA JESPA, S.A. DE C.V.     GUAYMAS  NO FACTURA','PJE920522264','',10,''),
 (51,'JUDITH GARCIA ROBLES','GARJ7010264E9','GUAYMAS',9,''),
 (52,'RODOLFO QUINTERO CHAVIRA','QUCR7009102M2','',9,''),
 (53,'Facturacion Prueba','OSS111111O11','fact_prueba@hotmail.com',9,''),
 (54,'LUIS MARTIN VALENCIA GARCIA','VAGL631214692','luisvalencia_23@hotmail.com',9,''),
 (55,'PINTURAS LANDA, SA DE CV      NAZARIT','PLA081017772','*** no se esta utlizando el pull',8,''),
 (56,'JESUS EFREN MARTINEZ ENCINAS   OK   PINTURAS GUERRERO','MAEJ000303NL0','',9,''),
 (57,'ROBERTO SOTO VALENZUELA  AGROINSUMOS YESICA','SOVR561005EJ9','AGROINSUMOS JESICA',9,''),
 (58,'ARTURO MARQUEZ BUSTAMANTE    REF EL CHIWAS','MABA840212NM0','REFACCIONARIA EL CHIWAS',9,''),
 (59,'AYRICO S.P.R. DE R.I.               PALAFOX','ASR950909PM7','',11,''),
 (60,'FLAVOR CUP TUTULI  Y PLAZA DEL SOL  LETY BELTRAN','XEXX01010100','OBREGON',12,''),
 (61,'GRUPO EMPRESARIAL ORTIZ VEJAR, SA DE CV      NAZARIT','GEO0812024R7','',8,''),
 (62,'YOLANDA GUERRA CASTAÑEDA    OK','GUCY640116AF0','',9,''),
 (63,'CLAUDIA DAVILA VILLAESCUSA      JESUS LAURO','DAVC7205129YA','*** no registrado en facturafiel',2,''),
 (64,'CN INVERNADEROS, S.A DE C.V','CIN0808062E9','ANDREA CAROLINA',9,''),
 (66,'MANUFACTURAS MOMO, S.A.  PEÑUÑURI   HILLO','MMO750423MV2','',1,''),
 (67,'DC ACUICOLA, SA DE CV        DE LA LLATA','DAC 080826 7T6','LILIANA CALVILLO',9,''),
 (68,'ISIDRO GOMEZ LOPEZ         GRUPO GOMEZ','GOLI5009012Z0','GRUPO GOMEZ',9,''),
 (69,'INGENIEROS CIVILES, SA DE CV.         ICSA','ICI861001EN4','',5,''),
 (70,'ISMAEL RUIZ PRUEBAS','XAXX010101013','',9,''),
 (71,'PRUEBAS PULL SYSTEM','PSS100211PPP','',9,''),
 (72,'ROSA MARIA FREE HERMOSILLO  ROBERTO VERDUZCO','FEHR660813LN5','ROBERTO VERDUZCO',9,''),
 (73,'JOSE JESUS MIRANDA MARTINEZ     JESUS LAURO','MIMJ761206D81','',2,''),
 (74,'MARTHA LOURDES MARTINEZ LOPEZ   LA REYNA DE LAS BATERIAS','MALM701228N81','LA REYNA DE LAS BATERIAS  --EXCARMEN MACIEL',9,''),
 (75,'INFONET COMPUTACION, SA DE CV','ICO960117FX4','',2,''),
 (76,'ADALBERTO RAMIREZ MARTINEZ    OK       SRI','RAMA7401014J9','',9,''),
 (77,'ALMA TERESA HERNANDEZ DE ALBA ','HEAA791012IP9','almahe@gmail.com',9,''),
 (78,'J. JESUS LOPEZ MONZON   DELSEY  GUAYMAS','LOMJ561230LTA','GUAYMAS',9,''),
 (79,'MOLTES CONSTRUCTORA, SA DE CV','MCO010528968','',9,''),
 (80,'JVC COMPUTADORAS Y COMPONENTES S.A. DE C.V.','JCC960313N64','HERMOSILLO LUIS VAZQUEZ',9,''),
 (81,'ROSINA RAFAELA PARTIDA RODRIGUEZ   NO ESTA DADA DE ALTA','PARR7404264R9','',9,''),
 (82,'JESUS FERNANDO FLORES ACUÑA   OK','FOAJ780312UF2','DISTRIBUIDOR PANASONIC',9,''),
 (83,'OLGA HERNANDEZ GAMBOA   LA POTRANCA','HEGO6803025T0','FRUTERIA LA POTRANCA',9,''),
 (84,'MARIA DE JESUS PERÉZ ÁVALOS      OK','PEAJ490429NK7','DOÑA JESUS',9,''),
 (85,'INGENIEROS CIVILES DE SONORA S.A. DE C.V.     ICSON','ICS001020SN7','ICSON',9,''),
 (86,'REFACCIONARIA MICHOACAN Y 200, S.A. DE C.V.    OK','RMD130902QP2','contrasela facturafiel: RMYD2013',9,''),
 (87,'EFRAIN COVARRUBIAS ZAZUETA   OK','COZE710220683','MOFLES COVARRUBIAS    contraseña facturafiel: COZE2013',9,''),
 (88,'NOVUTEK S C','NOV030403KIA','',9,''),
 (89,'PAPAS RAYGOZA DE CAJEME, S.A. DE C.V.    OK','PRC980911Q40','CARLOS RAYGOSA',9,''),
 (90,'MARIA SANCHEZ GARCIA            AGROPECUARIA CALAFIA','SAGM660517SP2','jcvillegasmoreno@hotmail.com',9,''),
 (91,'ING. LUIS GUSTAVO LEON GASTELUM','LEGL591120338','leonavila01@yahoo.com.mx',5,''),
 (92,'LIC. NICOLÁS JESÚS OLEA OSUNA    OK','OEON5406016C9','njolea@prodigy.net.mx',9,''),
 (93,'MARIA DOLORES CABRERA AGUILAR    OK','CAAD710722JI8','REFACCIONARIA PUEBLO YAQUI',9,''),
 (94,'JORGE TOVAR TOVAR','TOTJ450413S48','ZENAYDA',9,''),
 (95,'SERVICIOS ESPECIALIZADO DE MUELLES Y MOFLES, S.A.','SEM680805MM8','muellesaudelo@hotmail.com',9,''),
 (96,'RIORSA DISTRIBUIDORA, S.A. DE C.V.   OK   PEPSI','RDI120410CSA','germanpepsi@hotmail.com',9,''),
 (97,'OSCAR MARTINEZ GARCÍA    YOLANDA','MAGO561024L45','',7,''),
 (98,'JORGE ALBERTO BOURS BAY  OK','BOBJ580409PM0','ALAMOS',9,''),
 (99,'TECNICA MODERNA, SA DE CV','TMO760218P7A','tecmoderna@prodigy.net.mx',9,''),
 (100,'LYH INGENIERIA Y CONSTRUCCION S.A. DE C.V.  GUAYMAS','LIY071003MQ9','lhicsa@prodigy.net.mx, oscar.hernandezr@hotmail.com',9,'GUAYMAS'),
 (101,'TRACTO CAJAS DEL NOROESTE, SA DE CV   ROGELIO','TCN100519B98','ROGELIO BARRANCO HERMOSILLO',9,''),
 (102,'MANTENIMIENTO CONTROL Y CALIDAD, S.A. DE C.V.   FIEL CADUCA','MCC110831JB6','ROGELIO BARRANCO HERMOSILLO',9,''),
 (103,'ARACELI GRIJALVA LUCERO','GILA690704HU4','HERMOSILLO ESPOSA DE CARLOS',8,''),
 (104,'JESUS UBALDO CHACON CANCHOLA  PEÑUÑURI   HILLO','CACJ7405168ZA','DISTRIBUIDOR EN HERMOSILLO',1,''),
 (106,'GENERAL SHIPS CHANDLER ACROPOLIS, S.A. DE C.V.   GUAYMAS','GSC0112266F0','GUAYMAS',9,''),
 (107,'FRANCISCO SUAREZ','XAXX010101001','FLAVORCUP (NAVOJOA)',12,''),
 (108,'CONSULTORIO DE PATOLOGIA Y CITOLOGIA, S.C.    RENTERIA','CPC970121EK6','vicenterenteria@gmail.com',9,''),
 (109,'ERNESTINA BRICEÑO RAMIREZ  OK   YOLANDA','BIRE690621LK3','DOCTORA',7,''),
 (110,'CLÍNICA MAYER','CLM999999000','',9,''),
 (111,'ABARROTES EL REY','ABER990099000','PROVIDENCIA',9,''),
 (112,'ALMA MIA MACIEL GUTIERREZ ','MAGA8801021XA','carmen maciel',9,''),
 (113,'XICOTENCATL MORENO NAVARRO  OK','MONX730904PM5','',9,''),
 (114,'VICTOR RAUL ANAYA COOLEY   TRAZO','AACV710418V99','se pusieon 2000 timbres por intercambio',9,''),
 (115,'CLAUDIA ARMIDA FRANCO MEDINA       DIMASA','FAMC710929MQ0','DIMASA',9,''),
 (116,'LUIS ARMANDO ALVAREZ LUGO DIMASA   \"YA NO FACTURA\"','AALL7701285N5','DIMASA',9,''),
 (117,'ANA DOLORES ARIAS TOBIN     OK','AITA570508LF2','seis.2010@hotmail.com',9,''),
 (118,'COMERCIALIZADORA AGRICOLA AMUR SA DE CV','CAA000617TS4','',5,''),
 (119,'RODVICK ISAIN LOPEZ ALVAREZ','LOAR751126HC0','',9,''),
 (120,'NORMA ALICIA PABLOS LUGO  OK MARIO CERECER NOMINAS','PALN620226G22','SUPER CARNICERIA PACOS',9,''),
 (121,'MG TOOLS  DISTRIBUIDORES, S.A. DE C.V.     CARLOS NAZARIT','MTD0811119D9','HERMOSILLO',8,''),
 (122,'FRANCISCO JAVIER GUTIERREZ NEGRETE PEÑUÑURI   HILLO','GUNF711029I21','tallernegretesci@hotmail.com',1,''),
 (123,'CESAR CARLOS SUASTEGUI URQUIDES    OK','SUUC600712710','',9,''),
 (124,'BRENDA IDALIA PAYAN TIZNADO','PATB8110124T8','',9,''),
 (125,'GABINETES Y PUNZONADOS METALICOS, S.A. DE C.V.  CARLOS NAZARIT','GPM0311058B5','HERMOSILLO   **ya no usan pull',8,''),
 (126,'DR. JOSE DE JESUS NERY GOMEZ','NEGJ540218TB7','',9,''),
 (127,'DR. GILDARDO LAMAS CORONA','LACG4611204BA','',9,''),
 (128,'RAYMUNDO NUÑEZ BOJORQUEZ','NUBR720315AR7','CONTRATISTA ELECTRICO',9,''),
 (129,'MARIO CERECER','CERM590912TA9','',9,''),
 (130,'MARIO PEREZ ZAZUETA','PEZM600913414','',9,''),
 (131,'ARMANDO SOTO VALENZUELA   OK','SOVA550130QL6','LIC. GRATUITA',9,''),
 (132,'FERRETERIA LA FUENTE SA DE CV       PEÑUÑURI   HILLO','FFU980211554','** no factura con pull **',1,''),
 (133,'MIGUEL ANGEL SERNA PERALTA    PEÑUÑURI      HILLO','SEPM690729RB4','',1,''),
 (134,'FAUSTINO VILLARREAL AVILEZ  OK   GRUAS CAJEME','VIAF350505KY5','',9,''),
 (135,'LUIS CARLOS ORDUÑO RIVERA      CARLOS NAZARIT','OURL780730Q80','**  NO FACTURA CON PULL **',8,''),
 (136,'JOSE ALFREDO MARTINEZ GERMAN    OK','MAGA600112NB1','',9,''),
 (137,'DAVID RAYGOZA BERRELLEZA   OK','RABD631229RD2','',9,''),
 (138,'CARLOS RAYGOZA BERRELLEZA   OK','RABC6109202Y8','',9,''),
 (139,'JORGE MIRANDA ROMERO   PEÑUÑURI  HILLO NO ESAT FACTURANDO','MIRJ640407NC1','HERMOSILLO',1,''),
 (140,'BERNARDO OSUNA MORALES   OK YOLANDA','OUMB560327KM7','DOCTOR SIGLO XX1',7,''),
 (141,'ARTURO RAMOS PABLOS  YOLANDA   SIGLO XX1','RAPA560822EV9','DOCTOR SIGLO XX1',7,''),
 (142,'ALBA CARABEO OCHOA     OK   TAMMSY','CAOA480219AX0','LOS MOCHIS',3,''),
 (143,'PIPESO SA DE CV     PEÑUÑURI  HILLO   NO FACTURA','PIP100512C46','** NO FACTURA CON PULL **',1,''),
 (144,'ANA ALICIA GARCIA MIRAMONTES  PEÑUÑURI  NO ESTA FACTURANDO','GAMA811228TNA','',1,''),
 (145,'ANGELICA GONZALEZ HUERTA  PEÑUÑURI   TIMBRA NOMINAS','GOHA750127E49','** NO FACTURA CON PULL **',1,''),
 (147,'MARCOS ANTONIO CASTRO ANDRADE  PEÑUÑURI    HILLO','CAAM6612075I8','',1,''),
 (148,'KARLA GUADALUPE AMAYA LOPEZ  PEÑUÑURI   HILLO','AALK801205TH8','',1,''),
 (149,'FIDEL QUEZADA JIMENEZ       PEÑUÑURI     HILLO','QUJF730112LE8','** NO FACTURA CON PULL **',1,''),
 (150,'MARIA CECILIA PARTIDA LUGO       PEÑUÑURI    SIGUE','PALC751220SKA','',1,''),
 (151,'L.PATRICIA RUIZ URIAS','RUUL650810ILA','SUPER Y CARNICERIA KARLITA      NO ESTA TIMBRANDO',9,''),
 (152,'ARNULFO GARCIA MOLINA     RAVSA','GAMA630120FD1','',9,''),
 (153,'LAURA GARCIA CASTILLO    RAVSA','GACL810905Q40','factura con pull',9,''),
 (154,'IVETH ALICIA GARCIA CASTILLO    RAVSA','GACI850905190','factura con pull',9,''),
 (155,'KAREN AIDA GARCIA LOPEZ    RAVSA','GALK900613AW1','empresa dada de baja',9,''),
 (156,'REFACCIONES AUTOMOTRICES DEL VALLE SA DE CV  RAVSA','RAV920122R6A','',9,''),
 (157,'DOLORES BELTRAN CORRAL  RAVSA ESPERANZA  MARIO CERECER','BECD700612QM4','',4,''),
 (158,'ROSA MARIA MINJAREZ LUGO   RAVSA','MILR580202SI0','',9,''),
 (159,'PATRICIA EUGENIA MORLET MARTINEZ     CARLOS NAZARIT','MOMP480405UH5','CAPITAN NEMO     **YA NO FACTURA CON PULL **',8,''),
 (160,'ASOCIACION DE PEQUEÑOS GANADEROS DE SONORA  OK YOLANDA','APG000429TK7','CLIENTE YOLANDA GUERRA',7,''),
 (161,'J. JESUS NAREZ GODINEZ   OK','NAGJ321128IR8','FOTOS',9,''),
 (162,'ALBERTO MEZA DIAZ   OK','MEDA650408PS7','SUS LICENCIA ESTA EN LA EMPRESA DE FRUTAS FINAS',9,''),
 (163,'FERNANDO ZAZUETA GALINDO   OK  YOLANDA','ZAGF6303229V3','',7,''),
 (164,'RENE IGNACIO AUDELO LOPEZ    MUELLES','AULR6511295B7','MUELLES Y MOFLES',9,''),
 (165,'FERRETERIA PARTIDA SA DE CV  PEÑUÑURI   HILLO','FPA920817376','FACTURA NOMINAS',1,''),
 (166,'LIMPIEZA E HIGIENE SANITEK SA DE CV  OK  PEÑUÑURI','LHS050802V9A','',1,''),
 (167,'MAFERSON SA DE CV PEÑUÑURI','MAF101208HLA','',1,''),
 (168,'XOCHITL JANIN CHAVEZ CONTRERAS   OK   JUAN CHAVEZ  GRAINT','CACX940110AD7','',9,''),
 (169,'KARLA JEANNETH MARTINEZ ESTRADA   FRUTERIA JUAN MARTINEZ','MAEK881204MX2','FRUTERIA MARTINEZ',9,''),
 (170,'MATERIALES PRODUCTIVOS E INDUSTRIALES DEL YAQUI SA DE CV  OK  PEÑUÑURI','MPI060526SK2','',1,''),
 (171,'MARIA ESTHER CEBALLOS SALAZAR    TAMMSY','CESE650913TG8','',3,''),
 (172,'ISIDRO SONQUI LOPEZ    OK   YOLANDA','SOLI6205318B1','',7,''),
 (173,'JOSE RUBEN IRIBE IBARRA        ISMAEL','IIIR571203RG1','VENTA DE PISOS',5,''),
 (174,'JOSE ANTONIO GUTIERREZ PLASCENCIA   OK','GUPA611206SI5','',9,''),
 (175,'REYDESEL CABRERA LABORIN  PEÑUÑURI','CALR62062711A','',1,''),
 (176,'RITA GUADALUPE VALENZUELA YOCUPICIO YOLANDA','VAYR680618DI7','',7,''),
 (177,'RAMIRO ALEJANDRO FIGUEROA OCHOA    OK','FIOR610226CP4','',9,''),
 (178,'FUNDACION PARA EL DESARROLLO COMUNITARIO Y ATENCION CIUDADANA  A.C.   YOLANDA','FDC060503TU0','',7,''),
 (179,'IGNACIO AYALA RODRIGUEZ  PEÑUÑURI    HILLO','AARI390201CZ7','** NO FACTURA CON PULL **',1,''),
 (180,'ELIUTH MEDINA AGUIAR   OK  JESUS LAURO','MEAE6508028Z7','',2,''),
 (181,'JUAN DIEGO AVILES MARTINEZ   PEÑUÑURI','AIMJ6712049S4','** NO FACTURA CON PULL **',1,''),
 (182,'EL AUTENTICO DIARIO REGIONAL DE SONORA, SA DE CV OK LULY','ADR1208083UA','',14,''),
 (183,'PUNTO DE APOYO PROFESIONAL SA DE CV      DE LA LLATA','PAP030412MF0','',9,''),
 (184,'ANGEL EDUARDO DE LA LLATA CORONADO','LACA560424568','',9,''),
 (185,'MULTICOMERCIAL DE CAJEME SA DE CV   FERNANDO DURAZO','MCA1310096U0','',9,''),
 (186,'JESUS RUBEN MARTINEZ MERCADO OK   DULCERIA','MAMJ490501Q9A','DULCERIA MARTINEZ',9,''),
 (187,'ROSA IMELDA RAMIREZ TREJO  PEÑUÑURI   CESAR  HILLO','RATR710706FJ6','CESAR SANCHEZ',1,''),
 (188,'MARIA DE LOURDES ESPARZA SEPULVEDA  OK','EASL690513I68','CONTADORA LULY',9,''),
 (189,'DANIEL HUERTA VALENZUELA      PEÑUÑURI    HILLO','HUVD6601026B1','',1,''),
 (190,'TECHNOLOGY IP & CCTVSON SA DE CV     PEÑUÑURI','TIA131221781','NO FACTURA CON PULL',1,''),
 (191,'JESUS ARIEL HERNANDEZ LOPEZ   CRISHER','HELJ630405PV4','CRISHER',5,''),
 (192,'ROGELIO GOMEZ MARTINEZ     OK  PEÑUÑURI','GOMR620919RQ9','',1,''),
 (193,'HUGO ARMANDO WALLDEZ MARTINEZ     LULY','WAMH630407A87','DESPACHO DE ABAOGADOS',14,''),
 (194,'ANEL MELISSA YEPSON ARVIZU  OK   PEÑUÑURI','YEAA8805219U9','MIGUEL YEPSON Y CYNTHIA    100 TIMBRES CADA UNO',1,''),
 (195,'FERRETERA  DE ABASTOS DE HERMOSILLO SA DE CV      PEÑUÑURI  HILLO','FAH771128JL7','',1,''),
 (196,'MACROBACTER SA DE CV   OK','MAC111214LP8','',9,''),
 (197,'JOSE ANGEL GUERRA GONZALEZ   OK   YOLANDA','GUGA380602LIA','PAPA DE YOLANDA SIN LICENCIA',7,''),
 (198,'JOSE ALEJANDRO BELTRAN ESPARZA   OK  LULY','BEEA600422H97','',14,''),
 (199,'COMERCIALIZADORA PACSA SA DE CV   ALICE BOUTIQUE','CPA080404MN5','',5,''),
 (200,'RAQUET FITNESS CLUB, SA DE CV   OK   JESUS LAURO','RFC1106167M5','contaseña facturafiel:  RFC1106167',2,''),
 (201,'DR. MARCOS FERNANDO ICEDO ZAMORA  OK YOLANDA','IEZM560914HR5','',7,''),
 (202,'ROSA  DELIA QUIROZ LOPEZ  OK   PEÑUÑURI','QULR740519U11','',1,''),
 (203,'YENNIFER PATRICIA URBALEJO LEYVA  OK','UALY930830GW0','',9,''),
 (204,'CLAUDIA YESENIA LIZARRAGA PEREZ   OK  PEÑUÑURI','LIPC711130HV2','',1,''),
 (205,'JUANA JIMENEZ GOMEZ        OK       PEÑUÑURI','JIGJ400208JC0','',1,''),
 (206,'TANIA VILLEGAS CASTRO    PEÑUÑURI','VICT880921SB9','NO TIMBRA',1,''),
 (207,'HECTOR LUIS RUIZ ATONDO    ISMAEL   ok','RUAH700608H28','',5,''),
 (208,'JORGE ADOLFO HARISPURO BORQUEZ Y COOP   ISMAEL','HABJ670712N21','VENTA DE INSTRUMENTOS MUSICALES',5,''),
 (209,'ELIZABETH RAMOS GALVEZ    LULY   OK','RAGE730723TF7','YOLANDA TRINIDAD GALVEZ VZLA.  RFC: GAVY371201PM7',14,''),
 (210,'LA COMUNILA','XAXX010101000','',0,''),
 (211,'BAMOJALI, SPR DE RL DE CV   KITTY','BAM110829RV8','',0,''),
 (212,'BRISA MARINA VEGA VALENZUELA','VEVB010101000','PRIMA JAZMIN',0,''),
 (213,'ERNESTO GUTIERREZ VALENZUELA     EL DESTROYER','GUVE680905UN5','PUERTAS ELECTRICAS',9,''),
 (214,'ARIEL CERVANTES CORRALES','CECA650209944','',0,''),
 (215,'MARITZA DOMINGUEZ PICOS  OK','DOPM700714R70','',9,''),
 (216,'GANADERA COCOREÑA S DE PR DE RL / CENTRO CULTURAL COCORIT AC','GCO010521Q94','CCC050912BS3',9,''),
 (217,'MARIA DE LOS ANGELES RUIZ GUTIERREZ   REFACC. EL CHAPO  MARIO CERECER','RUGA900410I1A','REFACCIONARIA EL CHAPO OBREGON',9,'MARIO CERECER LLEVA CONTA'),
 (218,'JORGE ENRIQUE OSUNA HERNANDEZ OK','OUHJ631219II7','',9,''),
 (219,'ESTABLO ALCA, SC DE RL DE CV CONSTRUCCIONES NEAL','EAL0703183S8','misma licencia que construcciones',5,''),
 (220,'AGROPECUARIA ALANIZ SPR DE RL  CONSTRUCCIONES NEAL','AAL050614T54','misma licencia que construcciones neal',5,''),
 (221,'JORGE LUIS ALANIZ CAMPOY  / CONSTRUCCIONES NEAL','AACJ7107297M7','MISMA LICENCIA QUE CONSTRUCCIONES NEAL',5,''),
 (222,'FUNDACION SAMANTHA CAROLINA QUINTERO ARMENTA  IAP','FSC050630UG4','',9,''),
 (223,'JAVIER ALDECO BALDERRAMA    OK','AEBJ590810320','',9,''),
 (224,'AYELETH ACOSTA VALENZUELA   ICSA','VAAA851013SF2','',5,''),
 (225,'LUIS TOMAS MELENDREZ LUGO   OK','MELL7008256H1','',9,''),
 (226,' KRAFFT AGROSERVICIOS SA DE CV   OK','KAG030317PK4 ','PASS: KAG03031',9,''),
 (227,'AGROCOMERCIALIZADORA Y ALMACENAJES KRAGAR SA DE CV   KRAFF   OK','AAK080722H38','',9,''),
 (228,'CORAGRI K SPR DE RI    OK    KRAFF','CKX060203IF1','',9,''),
 (229,'LUZ DEL CARMEN ZAZUETA SPENCER  OK','ZASL8304202I9','',9,''),
 (230,'YANET GAXIOLA SANDOVAL     PLASTICOS NAVOJOA','GASY740124C22','',7,''),
 (231,'IRRIGATION INTERNATIONAL SONORA SA DE CV','IIS040712349','PURA NOMINA',9,''),
 (232,'JOSE MANUEL MUÑOZ ARRAS   LA KOMUNILA','MUAM860403JGA','',9,''),
 (233,'JESUS SAMUEL SALCIDO MONTOYA     MARIO CERECER','SAMJ6204051L1','',4,''),
 (234,'PROYECCION ALPHA SPR DE RL ok  MARIO CERECER','PAL040708IT9','APIKEY: 31F39709E8A94377',4,''),
 (235,'MARIO RAMON LIZARRAGA PEREZ   ok   MARIO CERECER','LIPM690710E51','',4,''),
 (236,'JUAN MANUEL TORRES DE LA MORA   OK  MARIO CERECER','TOMJ450110TWA','',4,''),
 (237,'JOSE LUIS RAMIREZ MURILLO   ok    MARIO CERECER','RAML600317PZ8','',4,''),
 (238,'JOSE ARAMBURO LIZARRAGA   ok    MARIO CERECER','AALJ5003073C8','',4,''),
 (239,'JORGE ALBERTO MARTINEZ PABLOS OK   MARIO CERECER','MAPJ8412161P0','',4,''),
 (240,'HECTOR VICENTE ACEVES LOPEZ    MARIO CERECER ok','AELH650530GY1','',4,''),
 (241,'HECTOR GUADALUPE LIZARRAGA PEREZ   ok MARIO CERECER','LIPH6806161J8','',4,''),
 (242,'DESARROLLO AGRICOLA SPR DE RL     MARIO CERECER','DAV050912119','fiel caducada',4,''),
 (243,'ELMECOAL SA DE CV   OK   ALFONSO','ELM070116113','LIAL CONSTRUCCIONES, SA DE CV  RFC: LCO071019CS7',9,''),
 (244,'MARTIN QUINTERO DEYTA','QUDM690112HC3','',9,''),
 (245,'MAYRA DANIRA RODRIGUEZ GONZALEZ     MARTIN QUINTERO','ROGM800824HG9','MISMA LICENCIA QUE MARTIN',9,''),
 (246,'AGRICOLA 5M, SPR DE RL     MARTIN QUINTERO','AMX120216J89','MISMA LICENCIA MARTIN',9,''),
 (247,'ELIZABETH GARCIA ALVAREZ  ok      MARIO CERECER','GAAE640107332','',4,''),
 (248,'FELIPE ALBERTO LIZARRAGA PEREZ OK  MARIO CERECER','LIPF760910NV4','',4,''),
 (249,'GUADALUPE PEREZ AVALOS ok   MARIO CERECER','PEAG600330JG5','',4,''),
 (250,'OSCAR OLEA MONDRAGON   OK','OEMO841130587 ','',9,''),
 (251,'NICOLAS OLEA MONDRAGON    OK','OEMN780829C93','',9,''),
 (252,'OLEA OSUNA ABOGADOS SC    NICOLAS OLEA','OOA010605J18','',9,''),
 (253,'VERONICA IDANIA OLIVAS DIAZ     OK   MARIO PEÑUÑURI','OIDV801105DV9','',1,''),
 (254,'FLAVOR CUP HILLO    LETY BELTRAN','XXXA010101000','HERMOSILLO',12,''),
 (255,'ROSARIO ORTEGA  VALDEZ   OK       PEÑUÑURI','OEVR690107495','',1,''),
 (256,'MANUEL MARIA DE LA LLATA CORONADO     PUNTO DE APOYO','LACM670804161','',9,''),
 (257,'JESUS ANTONIO DE LLATA IBARRA     PUNTO DE APOYO','LAIJ2402162G3','',9,''),
 (258,'JORGE ALBERTO DE LA LLATA CORONADO    PUNTO DE APOYO','LACJ580131F91','',9,''),
 (259,'BALVANERA GUADALUPE DE LA LLATA CORONADO   PUNTO DE APOYO','LACB511121TN7','',9,''),
 (260,'ARMANDO GARCIA ALONSO      OK    GINECOLOGO','GAPA570116BX6','',9,''),
 (261,'LEONOR CORONADO ENRIQUEZ      PUNTO DE APOYO','COEL2606109G4','MISMA LICENCIA QUE PUNTO DE APOYO',9,''),
 (262,'SEGURA PONCE S.P.R. DE R.L.               PALAFOX','SPO0708303C1','',9,''),
 (263,'SOCORRO GUILLERMO SALAZAR ROMERO   PEÑUÑURI   HILLO','SARS660327FF3','',1,''),
 (264,'MARTHA PATRICIA GARCIA MARTINEZ   OK    (PEÑUÑURI)','GAMM630613CRA','solo facturacion',1,''),
 (265,'MARIA DE LOURDES MURRIETA ROJAS         AMUR','MURL5505186C5','',5,'FQ7G5EA0JT'),
 (266,'GUADALUPE ADELAIDA CABRERA CASTRO   OK      YOLANDA','CACG6507108K8','',7,''),
 (267,'EL KILATE','LKLT010101000','',0,''),
 (268,'MIGUEL ANGEL TAPIA GRIJALVA','TAGM390331UF1','',9,''),
 (270,'HECTOR ANTONIO ALEMAN TAVIZON    NORTEÑO  ok','AETH8004152T5','',9,''),
 (271,'LUCIA VERDUGO AVENDAÑO ok   MARIO CERECER','VEAL5311186R3','MISMO EQUIPO DE MARIO 100 TIMBRES',4,''),
 (272,'IGNACIO AYALA GALINDO     PEÑUÑURI     HILLO','AAGI760324270','',1,'400 (1000) 21/05/2015)'),
 (273,'MM MINERALES Y SERVICIOS SC DE RL DE CV (JESUS LAURO)','MMS120127BQ8','** NO SE USA **',2,''),
 (274,'RAMIRO HERRERA PINEDA    OK   YOLANDA GUERRA','HEPR6311268K0','INSTALADO EN EQUIPO DE YOLANDA',7,''),
 (275,'MARCO ANTONIO ORTIZ CANO       ISMAEL     OK','OICM721108F80','VENTA DE INSTRUMENTOS MUSICALES',5,''),
 (276,'FERRETERIA H NOROESTE SA DE CV  OK','FHN940204P52','',15,''),
 (277,'BIOAGRO DE MEXICO SA DE CV   OK','BME851017FK0','livia',9,''),
 (278,'RL SEMILLAS Y AGRONEGOCIOS S DE RL DE CV   OK   BIOAGRO','RSA110119HSA','',9,''),
 (279,'PROYECTOS Y DISEÑOS IMRC, SA DE CV         ICSON','PYD101220T80','contraseña facturafiel: Gloria2013',9,''),
 (280,'RODRIGO LLAMAS ARECHIGA   OFFIMUNDO NAVOJOA','LAAR650107JN9','',9,''),
 (281,'YOLANDA ARMIDA GUERRA PELLEGAUD   OK   ZIPO','GUPY530626TQ8','',9,''),
 (282,'ANGEL GUADALUPE SANDOVAL DE LA ROCHA        citrus','SARA771001FA0','CONTRASEÑA FACTURAFIEL: vampirofiel',9,''),
 (283,'GUIZZELLA MARIA GAMBOA ANDRADE      ANGEL CITRUS','GAAG700930L77','contraseña pac: Pichita1',9,''),
 (284,'BLANCA ALMA DELIA ACOSTA','AOIB910215CD9','almadelia.91@gmail.com',0,'6441962370'),
 (285,'MANUEL MONTAÑO','XAXX010101002','',0,''),
 (286,'GABRIEL IGNACIO ALFARO RIVERA','AARG600425TZ2','MISMA LICENCIA QUE LA NOTARIA',9,''),
 (287,'CAJEME ESTRATEGAS SA DE CV      ICSA','CES051207J32','MISMA LICENCIA QUE ICSA',5,''),
 (288,'SERVICIOS DE ESTIBA Y LOGISTICA EN COMERCIO EXTERIOR SA DE CV  ALDECO','SEL010220QM5','EN EQUIPO DE JAVIER',6,''),
 (289,'ABDIEL LARA YAÑEZ                        FRIO INDUSTRIAL  SYA','LAYA5704076A9','MEXICALI',9,''),
 (290,'MARIA LUISA TAPIA MALDONADO         LUCERITO','TAML540823IG4','',9,''),
 (291,'WALDEMAR HOLGUIN LOPEZ   OK JESUS LAURO','HOLW630201JJ5','',2,''),
 (292,'CENTRO CULTURAL COCORIT AC        jesus rodolfo','CCC050912BS3','MISMA LICENCIA QUE LA COCOREÑA',9,''),
 (293,'ADAN ARVIZU GARCIA       OK    PEÑUÑURI    HILLO','AIGA850814KKA','NEGOCIO DE ALRMAS Y ESTEREOS',1,''),
 (294,'JUDITH AMARO GUERRA    YAQUESITA','AAGJ760905C18','',9,''),
 (295,'RANCHO TEHSON SC DE RL DE CV       CN INVERNADEROS','RTE061023914','CARLOS NEVAREZ',9,''),
 (296,'BATERIAS Y LUBRICANTES OBREGON SA DE CV    CENTRAL DE BATERIAS','BLO140422MG1','ROLANDO O YOSY',9,''),
 (297,'JESUS HUMBERTO CANTU QUIROGA    RED DE PROTECCION','CAQJ5406015S4','INGE HIGUERA                APIKEY: 24DE46562DDA40CB',9,''),
 (299,'RECUBRIDECOR DE OBREGON SA DE CV','ROB041208H30','sagys_6@hotmail.com',9,'644 412-6126'),
 (300,'CONCRETOS Y AGREGADOS DE CAJEME SA DE CV     ICSA','CAC140613BM8','',5,''),
 (301,'GRADUACIONES DEL NOROESTE','XAXX010101004','NO FACTURAN',9,''),
 (302,'OMAR VINICIO SERRANO CUAMEA','SECO800327DZ0','',9,''),
 (303,'CENTRO DE INVESTIGACION DE CANCER EN SONORA IAP','CIC140109KX1','4140409',9,''),
 (304,'FRANCISCO JOEL PAYAN TIZNADO       FRUTERIA PAYAN','PATF730904JT9','',9,''),
 (306,'OCTAVIO RODRIGUEZ GONZALEZ     FERRETERIA H 300','ROGO630915TF8','',15,''),
 (307,'ASOCIACION SONORENSE FENAPE,A.C.  OK  JESUS LAURO','ASF101008AJ2','',2,'(662) 210-68 48'),
 (308,'MIGUEL ANGEL YEPSON ARVIZU  OK    PEÑUÑURI','YEAM920226AN5','YEAM920226A contraseña facturafiel',1,''),
 (309,'CYNTHIA  ALEJANDRA YEPSON ARVIZU  OK  PEÑUÑURI','YEAC8509183Q3','',1,''),
 (310,'NICOLAS TSIMBINOS GIORGULI   ACROPOLIS    GUAYMAS','TIGN520725RJ9','GUAYMAS',9,''),
 (311,'YOLANDA TRINIDAD GALVEZ VALENZUELA   OK   LULY  ','GAVY371201PM7','ESTA INSTALADA EN EQUIPO DE ELIZABETH RAMOS',14,''),
 (312,'CLINICA QUIRURJICA DE ALAT ESPECIALIDAD ICEDO SC OK YOLANDA','CQA080414JS8','',7,''),
 (313,'LIAL CONSTRUCCIONES, SA DE CV   OK  ELMECOAL','LCO071019CS7','',9,''),
 (314,'EDUARDO LOPEZ ROSAS    OK','LORE540306DK2','',9,''),
 (315,'LOS PINITOS DEL YAQUI SPR DE RL       PALAFOX','PYA031023BM0','',9,''),
 (316,'CARLOS QUIJADA DIAZ     HERRAJES','XAXX010101CQD','',9,''),
 (317,'GILBERTO ALMADA ISLAS    PLASTICOS  MATRIZ  NAVOJOA','AAIG681022TL8','',7,''),
 (318,'MIGUEL TEJEDA CARRIZOZA    GRENN VALLEY','TECM680314DU9','',9,''),
 (319,'CENTRO OFTALMOLOGICO DE OBREGON, SC.    MAYER','COO040521BQ7','',9,''),
 (320,'JUAN MANUEL GARCIA GIL      MAYER','GAGJ560318Q79','',9,''),
 (321,'CINTHYA ITZEL BELTRAN LEOR        KILATE CENTRO','BELC860804RB2','',9,''),
 (322,'ROGELIO BELTRAN SOTO          KILATE','BESR600729FK7','',9,''),
 (323,'FLAVOR NAVOJOA FRANCISCO SUAREZ       LETY BELTRAN','XNXX010101000','NAVOJOA',12,''),
 (324,'FLAVOR VALLARTA ALMA TERESA HERNANDEZ  LETY BELTRAN','XVXX010101000','VALLARTA',12,''),
 (325,'FLAVOR CABORCA RODOLFO QUINTERO       LETY BELTRAN','XCXX010101000','CABORCA',12,''),
 (326,'FLAVOR NOGALES RAYMUNDO ZAIED  LETY BELTRAN','XNOX010101000','NOGALES',12,''),
 (327,'CONTADORES Y AUDITORES PROFESIONALES DE OBREGON, SC.  CERECER','CAP131209CQ4','',9,''),
 (328,'CONSULTORES Y AUDITORES PROFESIONALES DE OBREGON, SC.  CERECER HIJO','CAP131216P95','MARITO   4154214',9,''),
 (329,'CARLOS QUIJADA DIAS   COCINAS K','XCQX010101000','',9,''),
 (330,'HERIBERTO GONZALEZ TORRES','GOTH860907JC4','',9,''),
 (331,'LUIS GONZALO RAMIREZ CASTILLO    SRI','RACL900110DW0','',9,''),
 (332,'LA RUMBA MATERIALES PARA CONSTRUCCION SA DE CV    PEÑUÑURI YA NO','RMC930809ED5','misma licencia que cp. miguel serna hillo    ya no timbra con pull',1,''),
 (333,'BUFFETE DE CONSULTORAS EXCELSIOR, SC.    YOLANDA','BCE040819DQ1','',7,'APIKEY: E8620D75E90741E4'),
 (334,'FLAVOR CUP','XAXA010101000','',12,''),
 (335,'ANDREA CAROLINA CARRILLO VAZQUEZ    CN  THESON','CAVA7908062G6','',9,''),
 (336,'ROSARIO ESQUER MORALES      YOLANDA','EUMR601002EI9','',7,''),
 (337,'OPTICAS MAYER SA DE CV','OMA970102NR9','',9,''),
 (338,'BRIANDA NATHALIA YEPSON ARVIZU    PEÑUÑURI','YEAB891222FX7','',1,''),
 (339,'JORGE ALBERTO CASTELL CARRILLO  PEÑUÑURI','CACJ841012IY1','',1,''),
 (340,'YURI RODRIGUEZ GONZALEZ     SERVICIOS TECNICOS FERRETERIA  H','ROGY740418PZ0','',9,''),
 (341,'HUMBERTO RODRIGUEZ DURAN E HIJOS S C        FERRETERIA H','HRD011219G71','',9,''),
 (342,'MERCEDES GALINDO ZUÑIGA    PEÑUÑURI','GAZM410227LH9','',1,''),
 (343,'ISABEL CRISTINA VILLAREAL MENDEZ       GRUAS','VIMI590724JE7','',9,''),
 (344,'FERRETERIA LA RUMBA SA DE CV   YA NO PULL','FRU880930R72 ','',1,''),
 (345,'SERVICIOS ADMINSTRATIVOS JERA SC    PEÑUÑURI','SAJ111025J70','',1,''),
 (346,'PRODUCTORES DEL YAQUI FAP SPR DE RL','PYF120402HS2','',7,''),
 (347,'CANACINTRA NAVOJOA','CNI780517TB4','',9,''),
 (348,'FARMACIAS ECONOMICAS OK, SA DE CV.  ENRIQUE JOSE TERMINEL CASTELL','FEO15012064A','',9,''),
 (350,'CINTHYA KARELY RODRIGUEZ BANDA      JUAN CHAVEZ GRAINT','ROBC960229JA8','',9,''),
 (351,'JOSE FRANCISCO LEON VILLEGAS     JUAN CHAVEZ GRAINT','LEVF820514589','',9,''),
 (352,'JULIO MARCELO DURAZO SONQUI     RESTAURANT BEIGYN','DUSJ970207SP9','',15,''),
 (353,'JOSE RAMON CORRAL HEREDIA     MARIO CERECER','COHR910714313','',4,''),
 (354,'MANUEL DE JESUS ESCOBAR ARMENTA    MARIO CERECER','EOAM590206V81','',4,''),
 (355,'SONORA HACIA ARRIBA       MARIO CERECER','SHA011022DF3','',4,''),
 (356,'EDUARDO RUIZ PORTILLO    MARIO CERECER','RUPE640315NB4','',4,''),
 (357,'JOSE LUIS PEREZ ACEVES','PEAL841229K36','183B755924CE4A1F',0,''),
 (358,'ILSE GUADALUPE GONZALEZ PEREZ      MARIO CERECER','GOPI930819E6A','',4,''),
 (359,'LEON AVILA CONSTRUCTORES SA DE CV   ISMA','LAC000112TI3','',5,''),
 (360,'JESUS LEONARDO RAYGOZA BERRELLEZA      MARIO CERECER','RABJ6812244R8','',4,''),
 (361,'SERGIO DEL ROSARIO FABELA  ACOSTA    MARIO CERECER','FAAS591007LV7','',4,''),
 (362,'NUTREZOO SA DE CV      SOTO   AGROINSUMOS','NUT150121929','',9,''),
 (363,'LETICIA GUTIERREZ ROCHA        PEÑUÑURI','GURL640611IQ5','',1,''),
 (364,'RICARDO BALSI GONZALEZ','BAGR660423RH5','',9,''),
 (365,'CLAUDIA LIZETH GOMEZ GUERRA       GRUPO GOMEZ','GOGC801117371','',9,''),
 (366,'MARIA GRACIELA GUERRA BELTRAN    GRUPO GOMEZ','GUBG530116JL3','',9,''),
 (367,'MARIO ALBERTO ATONDO MURRIETA           AMUR','AOMM800926462','COMERCIALIZADORA MURO',5,''),
 (368,'MIZRAIM JARED ATONDO MURRIETA       AMUR','AOMM830619CX8','AGRONEGOCIOS MURO',5,''),
 (369,'ALEJANDRO AYALA VASQUEZ     PEÑUÑURI     HILLO','AAVA940914FZ5','',1,''),
 (370,'GROWCELL DE MEXICO SA DE CV    HECTOR GARCIA','GME1010076C3','',9,''),
 (371,'REYES ANDRES SANDOVAL QUEZADA','SAQR791123R62','',1,''),
 (372,'GUADALUPE IBARRA RIVERA    PEÑUÑURI','IARG7804214H1','',1,''),
 (373,'ROBERTO FIGUEROA CORRAL    PEÑUÑURI','FICR660716Q60','',1,''),
 (374,'MA GLORIA QUEZADA JIMENEZ','QUJG711101C99','',1,''),
 (375,'ANTONIO FELIX GOMEZ','FEGA560309RD6','',9,''),
 (376,'ALMA LORENIA PEREZ RODRIGUEZ   FRUTERIA VILLA BONITA','PERA740921J34','',9,''),
 (377,'CHIPAMITA SPR DE RL             DE LA LLATA    ','CIP140930KU5','',9,''),
 (378,'DORA LETICIA ARVIZU ORTIZ   PEÑUÑURI','AIOD650522JJ2','',1,''),
 (379,'JESUS RODOLFO ROBINSON BOURS MUÑOZ','ROMJ570628PUL','',9,''),
 (380,'MARIA ELENA PARADA ANTILLON   PRINGO','PAAE671015LQ1','',9,''),
 (381,'EVANGELINA ESQUER GARCIA  PEÑUÑURI PINTURAS','EUGE451026240','',1,''),
 (382,'MATERIALES REYES DE SONORA SA DE CV','MRS1412088Q5','',1,''),
 (383,'EDUARDO GARCIA MIRAMONTES   DANIEL','GAME8910275D6','',9,''),
 (384,'GRANJA DE CAMARONES DOÑA KIKA SERGIO BELTRAN','GRA010101100','',9,''),
 (385,'INSTITUTO DE OJOS DE SONORA SC   PEÑUÑURI','IOS060922JA4','',1,''),
 (386,'MANUEL LOPEZ MONJE','LOMM7411292JA','',5,''),
 (387,'GERARDO ENRIQUE LIZARRAGA POMPA      CAFE CAFE','LIPG840430BRA','',9,''),
 (388,'LUZ ESTHELA ARENAS CORRAL     CAFE CAFE','AECL641023TR1','',9,'');
/*!40000 ALTER TABLE `tblclientes` ENABLE KEYS */;


--
-- Definition of table `tbldistribuidor`
--

DROP TABLE IF EXISTS `tbldistribuidor`;
CREATE TABLE `tbldistribuidor` (
  `ID` int(10) unsigned NOT NULL AUTO_INCREMENT,
  `nombre` varchar(45) NOT NULL,
  `contacto` varchar(45) NOT NULL,
  `telefono` varchar(45) NOT NULL,
  `celular` varchar(45) NOT NULL,
  `email` varchar(45) NOT NULL,
  `direccion` varchar(200) NOT NULL,
  `comentario` varchar(500) NOT NULL,
  PRIMARY KEY (`ID`)
) ENGINE=InnoDB AUTO_INCREMENT=16 DEFAULT CHARSET=latin1;

--
-- Dumping data for table `tbldistribuidor`
--

/*!40000 ALTER TABLE `tbldistribuidor` DISABLE KEYS */;
INSERT INTO `tbldistribuidor` (`ID`,`nombre`,`contacto`,`telefono`,`celular`,`email`,`direccion`,`comentario`) VALUES 
 (1,'MARIO PEÑUÑURI','MARIO','6622-101597','6621-276959','mariotpb@yahoo.com.mx','HERMOSILLO, SONORA',''),
 (2,'JESUS LAURO    INFONET','JESUS','6622-106848','6622-791501','jlmolina@infonetco.com','HERMOSILLO, SONORA','INFONET'),
 (3,'TAMMSY ROBERTO ESCALANTE RODRIGUEZ','TAMMSY','6688-156490','668-1488085','','LOS MOCHIS SINALOA','ARISOFT'),
 (4,'CP. MARIO CERECER','','413 34 73','644 4 47 41 63','','CD. OBREGON',''),
 (5,'ISMAEL RUIZ','','6441 00 10 75','','','CD. OBREGON',''),
 (6,'CP. JAVIER ALDECO','','414 43 02','644-109 63 04','','CD. OBREGON',''),
 (7,'YOLANDA GUERRA','','23432','','','',''),
 (8,'CARLOS RODRIGUEZ   NAZARIT','','3333','6628-48-02-65','','HERMOSILLO, SON',''),
 (9,'PULL SYSTEM SOFT SA DE CV','','4236600','','','CD. OBREGON',''),
 (10,'JUDITH GARCIA','JUDITH','6222-240625','','','GUAYMAS, SONORA',''),
 (11,'CONTADOR PALAFOX','','3333','','','CD. OBREGON','CONTADOR'),
 (12,'LETICIA BELTRAN FLAVOR CUP','','44444','','','',''),
 (14,'CP. LOURDES ESPARZA','','416 09 71 ','','','CD. OBREGON',''),
 (15,'HECTOR SANCHEZ HIDALGO','','4144830','644 114 01 36','','','');
/*!40000 ALTER TABLE `tbldistribuidor` ENABLE KEYS */;


--
-- Definition of table `tbllicencias`
--

DROP TABLE IF EXISTS `tbllicencias`;
CREATE TABLE `tbllicencias` (
  `id` int(10) unsigned NOT NULL AUTO_INCREMENT,
  `idcliente` int(10) unsigned NOT NULL,
  `tipoversion` bigint(20) unsigned NOT NULL,
  `licencia` varchar(45) NOT NULL,
  `activada` tinyint(3) unsigned NOT NULL,
  `fecha` varchar(10) NOT NULL,
  `comentario` varchar(450) NOT NULL,
  PRIMARY KEY (`id`)
) ENGINE=InnoDB AUTO_INCREMENT=1055 DEFAULT CHARSET=utf8;

--
-- Dumping data for table `tbllicencias`
--

/*!40000 ALTER TABLE `tbllicencias` DISABLE KEYS */;
INSERT INTO `tbllicencias` (`id`,`idcliente`,`tipoversion`,`licencia`,`activada`,`fecha`,`comentario`) VALUES 
 (20,4,9,'EH0C7GR4WH',1,'2013/04/01',''),
 (25,6,9,'PT0N7FK5ET',1,'2013/04/02',''),
 (26,6,9,'BO5Y8HU6KB',1,'2013/04/02',''),
 (28,4,9,'NL2X5XS8HU',1,'2013/04/03',''),
 (29,7,4,'JM0Q1OI6XU',1,'2013/04/03',''),
 (31,7,4,'VX6X0VG6PX',1,'2013/04/03',''),
 (33,8,4,'SC4U7YR2PW',1,'2013/04/03',''),
 (34,7,4,'LW7S8QQ1PX',1,'2013/04/04',''),
 (36,10,4,'YG3Y7DU8PS',1,'2013/04/05',''),
 (38,10,4,'TA2J6VQ8YN',1,'2013/04/05',''),
 (41,11,4,'RM1M6SB8PS',1,'2013/04/06',''),
 (47,14,1,'NV2N3VK6BE',1,'2013/04/10',''),
 (48,14,1,'KJ0A6IQ8CS',1,'2013/04/10',''),
 (49,14,1,'WF4J1TB1FN',1,'2013/04/10',''),
 (50,14,1,'RE2O5PF8WU',1,'2013/04/10','MARIBEL   OK'),
 (52,15,4,'AE1W6YL0EJ',1,'2013/04/10','yano esta en uso'),
 (53,16,4,'OB2B6RN4DC',1,'2013/04/11',''),
 (54,17,1,'MS6P6MU4LX',1,'2013/04/11',''),
 (55,17,1,'GT7I1MY7SJ',1,'2013/04/11',''),
 (56,18,2,'MO8A4VR6YA',1,'2013/04/12',''),
 (57,19,1,'JX1X5CK5QH',1,'2013/04/12',''),
 (58,20,4,'KE2D5GR4VK',1,'2013/04/15',''),
 (59,21,4,'DW2V1VI2IB',1,'2013/04/15',''),
 (60,22,2,'EH7A7NC5EK',1,'2013/04/17',''),
 (62,24,9,'VU3Y1AQ6GW',1,'2013/04/20',''),
 (63,25,1,'FW2U6LJ1HS',1,'2013/04/22',''),
 (64,25,1,'RL0E5FT0KT',1,'2013/04/22',''),
 (65,25,1,'AG7L3PT3JY',1,'2013/04/22',''),
 (66,25,1,'BX8Y6IH2RX',1,'2013/04/22',''),
 (67,25,1,'FE6N5EY2PO',1,'2013/04/22',''),
 (68,26,4,'TC5G6SR5MP',1,'2013/04/24',''),
 (69,27,4,'GK6S1DH5LM',1,'2013/04/24',''),
 (71,28,9,'AX8I7IM2KT',1,'2013/04/25',''),
 (76,28,9,'QK2D3HT8GJ',1,'2013/04/25',''),
 (77,28,9,'WO0A6BK8LK',1,'2013/04/25',''),
 (78,28,9,'CB3N2EM6UT',1,'2013/04/25',''),
 (79,28,9,'AO7U1DT5CT',1,'2013/04/25',''),
 (80,28,9,'JX4L5OH6DP',1,'2013/04/25',''),
 (81,29,2,'UD2N6BI3VO',1,'2013/04/26',''),
 (83,23,34,'IL7G7LF3PV',1,'2013/04/30',''),
 (84,30,1,'AB7X7EJ2JT',1,'2013/05/02',''),
 (85,31,4,'PM0F5LJ6TO',1,'2013/05/02',''),
 (86,32,9,'TB4W1XR8DQ',1,'2013/05/03',''),
 (87,32,9,'BA1Y6XA7AU',1,'2013/05/03',''),
 (88,33,1,'TD1H1XB1KB',1,'2013/05/06','SERVIDOR'),
 (89,33,1,'CQ0O8IL5EI',1,'2013/05/06','JOSSY'),
 (90,33,1,'JK3A4AQ6NN',1,'2013/05/06',''),
 (91,34,1,'FV6W4UX7CI',1,'2013/05/07',''),
 (92,34,1,'OL7D0IW6QI',1,'2013/05/07',''),
 (93,34,1,'GG4H5MT2UX',0,'2013/05/07',''),
 (94,35,2,'NF2J2MK2VC',1,'2013/05/08',''),
 (95,36,9,'DA7C0RV4GF',1,'2013/05/08',''),
 (96,36,9,'YA6Y6PW4NB',0,'2013/05/08',''),
 (97,37,9,'LG7J8XY1HG',0,'2013/05/15',''),
 (98,37,9,'SD1D5NE2HL',1,'2013/05/15',''),
 (99,37,9,'NH8V2DO1SU',1,'2013/05/15',''),
 (101,39,2,'EO0W6VT0PQ',1,'2013/05/17','MUEBLERIA ARANDA'),
 (102,40,4,'HS6P8WF3SH',1,'2013/05/21',''),
 (104,41,4,'EU7T2JP6MA',0,'2013/05/22',''),
 (105,42,2,'JR6Q0EA4AH',1,'2013/05/22',''),
 (107,44,9,'NS7J8AN6XV',1,'2013/05/22',''),
 (108,40,4,'FA2C3MC6GJ',1,'2013/05/23',''),
 (109,45,2,'BA3N1TQ5GP',1,'2013/05/24',''),
 (110,46,9,'KI0D5AU8JX',1,'2013/05/25',''),
 (111,48,41,'EM1L3AW4LV',1,'2013/05/27',''),
 (112,49,9,'GJ0M0WU1PJ',1,'2013/05/28',''),
 (113,50,4,'XV0V2HL5NP',1,'2013/05/28',''),
 (114,51,9,'YT3K1US3UC',1,'2013/05/28',''),
 (115,51,9,'TB1E2ND2ME',1,'2013/05/28',''),
 (116,52,10,'RD8L0VQ6TN',1,'2013/05/29','FLAVOR CUP SLRC 842304293'),
 (117,53,42,'BT3W8AE8JH',1,'2013/05/30',''),
 (119,54,4,'CL4T5UD6XM',1,'2013/06/01',''),
 (120,55,64,'VB7L5MC3XT',1,'2013/06/03',''),
 (122,55,64,'RU2T1BX1ND',1,'2013/06/03','SERVIDORA  maquina3-pc win7'),
 (124,55,64,'FR8B5YN8FB',1,'2013/06/03','Landa window8'),
 (127,57,1,'GI5Y5KM4BL',1,'2013/06/05',''),
 (128,39,2,'HS8O1AK4FS',1,'2013/06/08',''),
 (129,30,1,'CA4S3GL1KO',1,'2013/06/10',''),
 (130,24,9,'WC8F2GE5QS',1,'2013/06/11','Cambio de Máquina'),
 (131,58,1,'GG5R3FB4EC',0,'2013/06/12',''),
 (132,59,2,'EN8W1PK5SM',1,'2013/06/12',''),
 (135,60,10,'WG5K1XA0TM',1,'2013/06/13','lb0264582 884 036 801'),
 (137,61,64,'XM4R0NW2EX',1,'2013/06/19',''),
 (138,61,64,'YO3C1JS6WJ',1,'2013/06/19',''),
 (139,62,1,'EL8X4ME1ED',1,'2013/06/21',''),
 (140,63,9,'DT4C8XK1NJ',1,'2013/06/21',''),
 (141,64,2,'IM6A1MF3EO',1,'2013/06/24','MISMA LICENCIA PARA TEHSON'),
 (143,66,2,'SH3V2JD7MO',1,'2013/06/25','CLIENTE DE MARIO PEÑUÑURI'),
 (145,67,2,'PE0U3QA3TC',1,'2013/06/27',''),
 (146,67,2,'XL4L7BM0VN',0,'2013/06/27',''),
 (148,68,2,'SL4I6AD7CQ',1,'2013/07/01','LIC. ISIDRO...deshabilitada 11 de julio 2013'),
 (149,68,2,'AO5D8RM3HC',1,'2013/07/01','Equipo de Martha...deshabilitada 11 de julio 2013'),
 (150,58,1,'VD8Y0UI7EE',1,'2013/07/02',''),
 (151,69,4,'NA7Y2QD7IK',1,'2013/07/03',''),
 (152,70,1,'TH4A8JA2SE',1,'2013/07/03',''),
 (153,71,33,'UD8N0JS5UJ',1,'2013/07/05',''),
 (154,32,9,'DS6T6RP8MN',1,'2013/07/06',''),
 (155,72,10,'QM6Y2JF7GF',1,'2013/07/09',''),
 (156,69,4,'XY8F5WB5BX',1,'2013/07/10',''),
 (157,68,4,'EM1L8HI1YY',1,'2013/07/11','EQUIPO YANINA'),
 (158,68,4,'IK0I5JU2PY',1,'2013/07/11',''),
 (161,74,1,'YI7I1KX1KN',1,'2013/07/15','PARA NEGOCIO DE BATERIAS CARMEN MACIEL'),
 (162,73,2,'QQ4J7PK1FY',1,'2013/07/16',''),
 (165,48,41,'PO0X8PA1BP',1,'2013/07/17',''),
 (166,68,4,'ST1Y5BG7JA',1,'2013/07/18','XX'),
 (167,75,9,'MQ8M8JU7CM',1,'2013/07/24','licencia gratuita dist. '),
 (168,76,4,'YT0Y0AG3AT',1,'2013/07/29','licencia para RSI'),
 (169,77,10,'DO3M4EW1DO',1,'2013/08/02','FLAVOR CUP PEÑASCO'),
 (170,75,41,'AO6U6UC5BC',0,'2013/08/03','licencias de prueba'),
 (171,75,41,'LY7V7GD5DR',0,'2013/08/03','licencias de prueba'),
 (172,75,41,'HO7N8BK7ID',1,'2013/08/03','licencias de prueba'),
 (173,75,41,'OH8B1LB3MD',0,'2013/08/03','licencias de prueba'),
 (174,75,41,'IP0Q6WJ2XF',0,'2013/08/03','licencias de prueba'),
 (175,48,41,'QC7J8CX3CT',1,'2013/08/03','licencias de prueba'),
 (176,48,41,'CI2R6DR8JS',0,'2013/08/03','licencias de prueba'),
 (177,48,41,'TR4U0BH0PN',0,'2013/08/03','licencias de prueba'),
 (178,48,41,'CK5T7GF8FA',0,'2013/08/03','licencias de prueba'),
 (179,48,41,'CC5U6FL5DM',1,'2013/08/03','licencias de prueba'),
 (180,78,1,'EM8M1FR6PM',1,'2013/08/06','ABARROTERA DELSEY '),
 (181,79,4,'RL1B6DI5GY',0,'2013/08/08',''),
 (182,48,33,'EQ2X4EC8SN',1,'2013/08/13','pruebas ravsa'),
 (192,49,41,'YI8D5AN7GF',1,'2013/08/15',''),
 (193,51,41,'WM2B4ML1NP',0,'2013/08/20',''),
 (194,51,41,'LC3G4WN7JC',0,'2013/08/20',''),
 (195,51,41,'CH5N1RG2AL',1,'2013/08/20',''),
 (196,51,41,'CR4R6UA0CV',0,'2013/08/20',''),
 (197,51,41,'YO1W0CO8RM',1,'2013/08/20','EQUIPO JUDITH'),
 (198,80,9,'XQ2F7QF3DJ',1,'2013/08/20','LICENCIA GRATUITA'),
 (199,80,41,'PI4F3FX1WQ',0,'2013/08/20',''),
 (200,80,41,'TJ1U5MB7QU',0,'2013/08/20',''),
 (201,80,41,'KB3W0NK3YD',0,'2013/08/20',''),
 (202,80,41,'NB0D0TH2RF',0,'2013/08/20',''),
 (203,80,41,'YQ7V6XO8RH',0,'2013/08/20',''),
 (204,75,9,'EH2M0YQ1OS',1,'2013/07/24','licencia gratuita'),
 (205,81,1,'SR8Q2ME0BN',0,'2013/08/31','REFACCIONARIA MICHOACAN'),
 (206,81,1,'DX6H2KM1EJ',1,'2013/08/31','REFACCIONARIA MICHOACAN'),
 (207,81,1,'AX1E7KW7DB',1,'2013/08/31','REFACCIONARIA MICHOACAN'),
 (208,81,1,'JL1A6MQ0GK',1,'2013/08/31','REFACCIONARIA MICHOACAN'),
 (209,81,1,'VD2Y6UI7WF',1,'2013/08/31','REFACCIONARIA MICHOACAN'),
 (210,82,1,'CB1U7TP1RO',1,'2013/09/04',''),
 (211,82,1,'FT1D7GF8MG',1,'2013/09/04',''),
 (212,83,4,'RN3K0AC0WC',1,'2013/09/06','LA POTRANCA'),
 (215,85,4,'NJ4W1JY6VK',1,'2013/09/17','APYKEY:441C3E70155449A6'),
 (216,86,1,'QY7C0YV8XQ',1,'2013/09/19',''),
 (217,87,1,'PG2P0VF5DJ',1,'2013/09/19','61C9AF6B7B9E4D2B'),
 (218,88,4,'RV5R1RJ7QU',0,'2013/09/23',''),
 (219,88,4,'NK5G5VM6BN',0,'2013/09/23',''),
 (222,89,4,'OV4B8IQ7IM',1,'2013/09/25',''),
 (223,86,1,'MV8D1US3TL',1,'2013/09/25',''),
 (224,86,1,'LE1N1XD3CQ',1,'2013/09/25',''),
 (225,86,1,'HJ7F1ME3JI',1,'2013/09/25',''),
 (226,86,1,'VS1M0IG6NX',1,'2013/09/25',''),
 (227,90,1,'SR2U0ES0LL',1,'2013/09/25',''),
 (228,90,1,'TE6P8VT4RH',1,'2013/09/25',''),
 (229,51,9,'TJ1W5NH6HI',1,'2013/10/04','EQUIPO MOSTRADOR'),
 (230,34,9,'BY4D7TM2MR',1,'2013/10/07',''),
 (232,92,4,'CM5I0PQ3AE',1,'2013/10/09',''),
 (233,48,41,'WT1X5MH2SN',1,'2013/10/11','PRUEBA ABARROTES'),
 (234,93,4,'OJ7G8YF7YL',1,'2013/10/15','TEL. 643 43 70568'),
 (235,94,4,'HA0G1MA3HQ',1,'2013/10/17',''),
 (236,94,34,'RH0U0AD7WL',1,'2013/10/17',''),
 (237,94,41,'FN5D3CR7TG',1,'2013/10/17',''),
 (238,95,1,'EJ2G2UD2JF',1,'2013/10/18',''),
 (239,95,1,'QJ3F3SC7EH',1,'2013/10/18',''),
 (240,95,1,'IP6W6JG7CQ',0,'2013/10/18',''),
 (241,96,1,'UW7R6AI8MB',1,'2013/10/18',''),
 (243,97,4,'IQ4K1DW3KR',1,'2013/10/19',''),
 (244,98,4,'PJ8R7SW8SE',1,'2013/10/21',''),
 (245,99,4,'HS5J5KJ4BR',1,'2013/10/21','MAQUINA DE BEATRIZ'),
 (246,99,4,'JP4U8RW6AO',1,'2013/10/21','MAQUINA DE JESUS'),
 (247,99,4,'HE6F4UG6RJ',1,'2013/10/21','SERVIDOR  COMP TOÑO'),
 (249,100,4,'MY4O2HE0BF',1,'2013/10/24',''),
 (250,101,1,'OS7L7LC2XP',1,'2013/10/24',''),
 (252,101,1,'VH6Y0NH3UM',1,'2013/10/24',''),
 (253,101,1,'VQ0E3FM7RG',1,'2013/10/24','Agustin'),
 (254,101,1,'AE4C0KE1VY',1,'2013/10/24','jaqueline'),
 (255,48,64,'VR3A5VL2VM',1,'2013/10/24','Para Jesus Lauro'),
 (256,102,9,'XF5T4BM8RY',1,'2013/10/26',''),
 (257,102,1,'NP0Y0KV4QI',1,'2013/10/26',''),
 (258,103,9,'JC2N6NV4OP',1,'2013/10/28','licencia gratuita para distribuidor CARLOS RODRIGUEZ'),
 (259,35,64,'AV6D3TU5HI',1,'2013/10/29',''),
 (262,106,2,'IV2T7MH0FE',1,'2013/10/31',''),
 (263,106,2,'EY8R7UK5MM',1,'2013/10/31',''),
 (264,107,10,'WM0M6RS8FU',1,'2013/11/01','CLIENTE DE LETICIA BELTRAN (NAVOJOA)'),
 (265,108,4,'TN5N0HS7NL',1,'2013/11/04',''),
 (266,109,4,'WF0Q4NV5XK',1,'2013/11/04',''),
 (267,55,64,'AY2P5FS6FT',1,'2013/11/06',''),
 (268,110,4,'RK3D0IS2RB',1,'2013/11/07',''),
 (269,110,4,'KW3L2HY7SD',1,'2013/11/07',''),
 (270,110,4,'YF2U6TJ2VY',1,'2013/11/07',''),
 (272,111,9,'CI7Y8JH3YW',1,'2013/11/09',''),
 (273,111,9,'TX4S2FP1RM',1,'2013/11/09',''),
 (274,71,169,'UH8Y0MJ7KY',1,'2013/11/11',''),
 (277,112,1,'AX5K0DQ4DK',1,'2013/11/13',''),
 (278,113,4,'BJ0J3VI7HG',1,'2013/11/15',''),
 (279,76,4,'NH3E0MB8FR',0,'2013/11/19',''),
 (280,30,1,'LH5R4HS3JD',1,'2013/11/19',''),
 (281,114,4,'CA7M2QH0YF',1,'2013/11/20','MIRIAM-PC'),
 (282,115,1,'BS3P0QH5BF',1,'2013/11/21',''),
 (283,116,1,'FK8Y5EP5VI',1,'2013/11/21',''),
 (284,117,2,'YR7W6XV7WS',1,'2013/11/25',''),
 (285,118,4,'VV1A4WP6HX',1,'2013/11/26',''),
 (286,34,1,'SI6V7RM7CK',1,'2013/11/27',''),
 (287,61,64,'XF3N8ML2AN',1,'2013/11/27',''),
 (288,28,9,'RG8J7JH2JC',1,'2013/11/28',''),
 (289,119,4,'FS4G8HV1VF',1,'2013/11/29',''),
 (290,120,2,'PN1E4UC3MG',1,'2013/12/02',''),
 (291,121,64,'DP6F1MG0JB',1,'2013/12/02','CLIENTE CARLOS NAZARIT'),
 (292,122,2,'CL7G0GB4YK',1,'2013/12/03',''),
 (293,114,4,'WW4B0DV7NS',1,'2013/12/03',''),
 (294,123,2,'VJ4T5EU3BG',1,'2013/12/03',''),
 (295,124,1,'LH3U1IV2GS',1,'2013/12/04',''),
 (296,125,64,'QH3Y8GE1EJ',1,'2013/12/05',''),
 (298,125,64,'WY2H4VU6FY',1,'2013/12/05',''),
 (299,126,4,'WY3B4UC6NO',1,'2013/12/05',''),
 (300,117,2,'QX8V5ED1RW',0,'2013/12/09',''),
 (302,46,41,'WN4K4VJ8AC',1,'2013/12/09',''),
 (303,46,41,'AS1G2RH0FS',1,'2013/12/09',''),
 (307,46,96,'BW4P6RL3DO',1,'2013/12/09',''),
 (310,127,4,'OE6H6GO6YV',1,'2013/12/10',''),
 (312,125,64,'JV1A1IF7FQ',1,'2013/12/11',''),
 (314,128,4,'OE7M1UX8SO',1,'2013/12/13',''),
 (315,106,2,'XK7N5II1QT',1,'2013/12/14',''),
 (316,129,4,'FO5S0WP4SC',1,'2013/12/16','CONTADORES MARIO CERECER PAPA'),
 (317,129,4,'OI5J6XU8RW',1,'2013/12/16','CONSULTORES HIJO'),
 (318,130,4,'CF8P7IJ2NU',1,'2013/12/16',''),
 (319,131,4,'LG1M4EH3OQ',1,'2013/12/16',''),
 (320,132,64,'VJ2E3CJ0CD',1,'2013/12/17','CLIENTE DE MARIO PEÑUÑURI'),
 (323,134,4,'DA0I4KA5FQ',1,'2013/12/19',''),
 (324,135,64,'HO4D4PO7BF',1,'2013/12/19','cliente de carlos nazarit'),
 (325,136,4,'NS2Y8IE0LG',1,'2013/12/20',''),
 (328,140,4,'AV1R6PJ6LQ',0,'2013/12/20',''),
 (329,141,4,'VC5E4KJ6PG',0,'2013/12/20',''),
 (330,142,1,'SQ6S5GM0KR',1,'2013/12/20','cliente de carlos nazarit'),
 (331,99,4,'HO2I3TX7BV',1,'2013/12/20',''),
 (332,75,96,'JJ6Y2KS8HS',0,'2013/12/20',''),
 (335,75,36,'RB3Y7CK1OS',1,'2013/12/20',''),
 (338,143,64,'WF8H6WG1PW',1,'2013/12/21','CLIENTE DE MARIO PEÑUÑURI'),
 (339,144,64,'TT2X1XM2RE',1,'2013/12/21','CLIENTE DE MARIO PEÑUÑURI'),
 (340,145,64,'RD5E2FC3NJ',1,'2013/12/21','CLIENTE DE MARIO PEÑUÑURI'),
 (342,138,4,'WN3S5YO5UC',0,'2013/12/22',''),
 (343,147,64,'MA5Y6HR3MN',1,'2013/12/22','CLIENTE DE MARIO PEÑUÑURI'),
 (344,148,64,'EY2T7HJ3TX',1,'2013/12/23','PEÑUÑURI'),
 (345,149,64,'GP8T1TV0VW',1,'2013/12/23',''),
 (346,150,64,'KC7W3CA8NT',1,'2013/12/23',''),
 (347,151,12,'EC2J1PI3SS',1,'2013/12/23',''),
 (348,152,64,'WU5H4WB7VY',1,'2013/12/24','SINALOA'),
 (350,152,64,'EF1C8EQ1QX',1,'2013/12/24','HERMOSILLO'),
 (351,153,64,'WI1G5WJ8AX',1,'2013/12/24','CALIFORNIA'),
 (352,154,64,'CB5Y2KM5WI',1,'2013/12/24','IVETH'),
 (353,155,64,'FO7B4BK1GN',1,'2013/12/24',''),
 (354,156,64,'KB6I6CD8RQ',1,'2013/12/24','OBREGON'),
 (355,156,64,'MR4B3HX2NY',1,'2013/12/24','OBREGON'),
 (356,156,64,'EO7N0QW3BH',1,'2013/12/24','NAVOJOA'),
 (357,156,64,'RK2W5DI5EC',1,'2013/12/24','NAVOJOA'),
 (359,158,64,'QV8J5GP5CT',0,'2013/12/24','QUINTANA ROO'),
 (360,159,64,'MW4Y4GG1KM',1,'2013/12/24',''),
 (362,161,4,'BA5H7CS7JA',1,'2013/12/27',''),
 (363,139,64,'EW8C5QL5TX',1,'2013/12/28','CW2D0WG4KC'),
 (364,163,4,'OI2D3NQ8LC',0,'2013/12/30',''),
 (365,164,4,'OE5C1ND8BX',1,'2013/12/30',''),
 (366,165,64,'MK8E0MX0PC',1,'2013/12/31',''),
 (367,166,64,'AS8B1XK2GT',1,'2013/12/31',''),
 (368,167,64,'QU4U7LH2KE',1,'2013/12/31',''),
 (369,165,64,'ES6X1AQ2WQ',1,'2014/01/02',''),
 (370,165,64,'LI4N4CY8DO',1,'2014/01/02',''),
 (371,168,9,'XR8F2PI6NN',1,'2014/01/02',''),
 (372,168,9,'GJ0W4OT8TL',1,'2014/01/02',''),
 (373,168,9,'RI3D7SP0CS',1,'2014/01/02',''),
 (374,168,9,'IY4N0QC2UM',1,'2014/01/02',''),
 (375,169,4,'YP2Y4OM0LP',1,'2014/01/02',''),
 (376,149,64,'EN3R4NN4EK',1,'2014/01/02',''),
 (377,149,64,'ML2R4LU6XH',1,'2014/01/02',''),
 (382,35,64,'MY5O8KO2HB',1,'2014/01/03','ANTONIO'),
 (383,170,64,'UD3I1KM5PG',1,'2014/01/03',''),
 (385,152,64,'IS7B6HG5YJ',1,'2014/01/03','SINALOA'),
 (386,152,64,'RC3Y1CB8ON',1,'2014/01/04','SINALOA'),
 (387,171,4,'AX2A8BD2RE',1,'2014/01/04',''),
 (389,173,4,'HD3H7VU7WL',1,'2014/01/04',''),
 (390,125,64,'SR5E7QU7FT',1,'2014/01/06','prueba cancelar factura'),
 (392,164,1,'EP2M1WO3BM',1,'2014/01/08',''),
 (393,164,1,'GU8P6BU6FR',1,'2014/01/08',''),
 (394,175,64,'PI3J3QG3MS',1,'2014/01/08',''),
 (395,176,4,'NT8O5MO5LG',0,'2014/01/08',''),
 (397,178,4,'JL1T2HN3HS',0,'2014/01/09',''),
 (398,179,4,'HM7R3AD4TN',1,'2014/01/10',''),
 (399,180,4,'ON5P7RV4UM',1,'2014/01/10',''),
 (400,156,64,'DO1B4EM2LL',1,'2014/01/11',''),
 (401,181,64,'DY1F2WG4TD',1,'2014/01/14',''),
 (402,156,64,'OQ8M8VJ3MP',1,'2014/01/14','OBREGON'),
 (403,182,4,'BG1N8JY2SO',1,'2014/01/14',''),
 (404,183,4,'TO6I8AF0QK',1,'2014/01/15',''),
 (405,184,4,'QQ7U5US7PX',0,'2014/01/15',''),
 (406,185,1,'KK3E8WJ2EI',1,'2014/01/15','dulce'),
 (407,186,4,'NK5R8YY2MI',1,'2014/01/16',''),
 (410,187,9,'EY7I2AQ7TB',1,'2014/01/16',''),
 (412,189,4,'VW6J7ME4PS',1,'2014/01/18',''),
 (413,190,4,'CN6A3LJ0PQ',1,'2014/01/18',''),
 (414,191,4,'VT1N6IO2SH',1,'2014/01/20',''),
 (416,193,4,'DP6H5RW1TH',1,'2014/01/23',''),
 (417,194,2,'DN3D6MR6ML',1,'2014/01/23',''),
 (418,192,4,'OI4F8OP2KX',1,'2014/01/24','se cambio la licencia porque no era conector'),
 (419,195,64,'DK6L5DB5MJ',1,'2014/01/27',''),
 (420,196,4,'KX0P6LT4SY',1,'2014/01/27',''),
 (423,198,4,'KH2A6JY4CT',0,'2014/01/28',''),
 (429,199,4,'JI5Q0KN8LF',1,'2014/01/30','ELIMINAR ESTAS LICENCIAS'),
 (431,200,4,'HX0V5BX8KI',1,'2014/01/30',''),
 (432,202,2,'LN4S6OJ6FD',1,'2014/01/31',''),
 (434,203,1,'BN8T3NG1PW',1,'2014/02/05',''),
 (436,204,2,'UQ7K0RC4BL',1,'2014/02/05',''),
 (437,48,96,'HX2R0UN5IP',1,'2014/02/05',''),
 (438,205,64,'HH1F2QK1FB',1,'2014/02/05',''),
 (439,46,905,'LR0K8KW4GT',1,'2014/02/07',''),
 (440,114,4,'UA4O7US7UJ',1,'2014/02/07',''),
 (441,206,2,'RC8F8XM0OQ',0,'2014/02/08',''),
 (442,207,4,'HQ6Q1TA0EY',1,'2014/02/10',''),
 (443,101,1,'QU2Y7DA5VT',1,'2014/02/13','HERMOSILLO'),
 (444,208,4,'EY8C1XJ6KN',1,'2014/02/13',''),
 (445,71,937,'SJ1T8IB5MP',0,'2014/02/13','comunila prueba'),
 (446,209,4,'TK1B8UR3LE',1,'2014/02/13',''),
 (447,71,937,'YA2Q0ED8YC',1,'2014/02/13',''),
 (448,210,9,'IW0V2SH5LH',1,'2014/02/14',''),
 (449,210,9,'RY5M3QK3IS',0,'2014/02/14',''),
 (451,3,905,'PG1X5MY3GD',1,'2014/02/15','SERVIDOR NUEVO'),
 (452,53,33,'OW1U1GR2EN',1,'2014/02/17',''),
 (453,53,33,'SM0J7KF3GK',1,'2014/02/17',''),
 (454,212,9,'DR6K8SG0TE',1,'2014/02/17',''),
 (455,152,64,'GG7K2YV4JG',1,'2014/02/19','HERMOSILLO'),
 (456,155,64,'HK4U6QN8IJ',1,'2014/02/19','GUAYMAS'),
 (457,62,1,'LJ0U1RV7BG',1,'2014/02/22','MAQUINA NUEVA'),
 (459,11,257,'YV5S0PR2DU',1,'2014/02/27',''),
 (460,214,4,'FU5H4IP5CN',1,'2014/02/27',''),
 (461,215,4,'XE7P5WU7XQ',1,'2014/02/27',''),
 (462,116,257,'TD3B2WO2FJ',1,'2014/02/27',''),
 (463,35,64,'RA6O3KJ4HM',1,'2014/03/01',''),
 (464,213,260,'QW0V0RX5AO',1,'2014/03/03',''),
 (465,115,257,'AE3A4LW5KH',1,'2014/03/04','dimasa'),
 (466,188,260,'IC5Y5DJ5HH',1,'2014/03/04',''),
 (467,101,385,'WM7F8UR6VS',1,'2014/03/04','OLIVIA'),
 (468,24,393,'XN1P1AD4XK',1,'2014/03/05',''),
 (469,101,385,'AA5S4KG6NX',1,'2014/03/06','MAYRA'),
 (471,71,41,'JD7R1XL4SQ',1,'2014/03/06','EQUIPO LENOVO'),
 (474,6,513,'EY8Q4LB7PV',1,'2014/03/08','TALLER'),
 (475,6,513,'YC5A2GY6TB',1,'2014/03/08','DANIRA'),
 (476,94,4,'HX1A1UJ6WQ',1,'2014/03/10','10/03/2014'),
 (477,212,9,'RF2I7YS5VS',1,'2014/03/10','CAMBIO DE EQUIPO'),
 (478,102,393,'SW6R1EQ7DN',1,'2014/03/12',''),
 (479,92,260,'XO1S0QL8LF',1,'2014/03/12',''),
 (480,75,905,'ST3E5UQ2QU',1,'2014/03/12',''),
 (481,108,260,'VQ8L2OB4DS',1,'2014/03/13',''),
 (482,20,260,'BK5K4XR4CD',1,'2014/03/13',''),
 (483,216,388,'LL1J2AG5TX',1,'2014/03/14',''),
 (484,217,1,'QB1P2HQ3IV',0,'2014/03/14',''),
 (485,16,260,'HO2L6IE1JK',1,'2014/03/18',''),
 (486,218,1,'MK8S5QF8UO',1,'2014/03/18',''),
 (490,15,4,'PV2R2WQ5HL',1,'2014/03/19',''),
 (492,70,36,'AJ2Q5AC8CB',1,'2014/03/19',''),
 (493,222,4,'GG5R0ML5DS',1,'2014/03/19',''),
 (494,82,257,'VB2V4JC3RC',1,'2014/03/19',''),
 (496,214,260,'MO4C6UF0OL',1,'2014/03/21',''),
 (498,223,292,'NO3W4FV8XP',1,'2014/03/21',''),
 (499,224,4,'BJ0W0YY8EQ',1,'2014/03/21',''),
 (500,199,4,'AU3M4KT4UQ',1,'2014/03/22','ELIMINAR ESTAS LICENCIAS'),
 (501,173,4,'EN3E2WO0WG',1,'2014/03/22',''),
 (502,186,260,'PD1F2NN8YL',1,'2014/03/24',''),
 (504,129,260,'NM1M0XJ0ES',1,'2014/03/24','CONTADORES MARIO CERECER PAPA'),
 (505,57,257,'RY0O7MV0TI',1,'2014/03/25','agronegocios'),
 (507,227,258,'RS4H0CF6YJ',1,'2014/03/25',''),
 (508,129,260,'DK7O2BI2TJ',1,'2014/03/25','CONSULTORES HIJO'),
 (509,226,258,'AK4T1VL2LA',0,'2014/03/25',''),
 (510,228,258,'HF6R8QF6DL',0,'2014/03/25',''),
 (511,17,257,'KJ6X2RA5XL',1,'2014/03/25',''),
 (514,229,258,'TH7T8GE3RK',1,'2014/03/26',''),
 (516,35,64,'PD3G4HD6NF',1,'2014/03/26',''),
 (517,62,260,'LQ7Y6JP0CG',1,'2014/03/26',''),
 (518,231,258,'YO2H7UQ0EE',1,'2014/03/26',''),
 (519,232,4,'RK2D6RH7BD',0,'2014/03/26',''),
 (521,40,260,'FD3G2VX4XW',1,'2014/03/27',''),
 (523,243,4,'HV2Q1CB7HP',1,'2014/03/29',''),
 (524,243,260,'LR1P5YP8QC',1,'2014/03/29',''),
 (527,232,9,'MF5C5PT2VL',1,'2014/03/31',''),
 (528,114,260,'OL8P3RE7TN',1,'2014/03/31','TRAZO-PC'),
 (529,244,4,'WK5R8FI6CC',1,'2014/03/31',''),
 (530,129,260,'TP2M8AJ5HJ',1,'2014/04/01',''),
 (531,129,260,'FJ1V1TX2PK',1,'2014/04/01',''),
 (533,244,4,'KY6S7KI8LM',1,'2014/04/02',''),
 (535,253,1,'II7Q1LT0IY',1,'2014/04/02',''),
 (536,250,4,'FD7K1FG4AE',0,'2014/04/04',''),
 (537,251,4,'WD3I0DG1BE',1,'2014/04/04',''),
 (538,50,4,'LY7M0BA6MX',1,'2014/04/05',''),
 (540,232,9,'AR3D7LK7MD',1,'2014/04/08',''),
 (541,170,258,'YE6S2HY4EC',0,'2014/04/09',''),
 (542,170,320,'CV4M5DU3AI',0,'2014/04/09',''),
 (543,143,64,'PJ6U5QL1KQ',1,'2014/04/12',''),
 (544,156,320,'CC4T1JN1HN',1,'2014/04/14','KARLA 1'),
 (545,156,320,'CB4S2NL3QI',1,'2014/04/14','KARLA 2'),
 (546,156,258,'JV4A4JD3YJ',1,'2014/04/14','KARLA 1'),
 (548,223,257,'QC1D6LS6PX',1,'2014/04/24',''),
 (551,143,64,'ER0Q7QA6CV',1,'2014/04/24',''),
 (552,35,2,'FM4H4JR4CJ',1,'2014/04/25',''),
 (553,254,9,'JK4D2XD6NF',1,'2014/04/25',''),
 (554,255,4,'BK4B0XC7DI',1,'2014/04/26',''),
 (555,71,297,'DB1E8IQ2VT',1,'2014/04/26',''),
 (556,256,4,'TP7J1HP5EW',0,'2014/04/28',''),
 (557,257,4,'LM5X8NP6VD',0,'2014/04/28',''),
 (558,258,4,'EN2D2IJ7IO',1,'2014/04/28',''),
 (559,259,4,'PI1Q6IY1MV',0,'2014/04/28',''),
 (560,148,258,'TM3I8HJ3WU',1,'2014/04/28',''),
 (561,260,4,'QB3A1LO7OW',1,'2014/04/28',''),
 (562,129,260,'YT8A4OM6IR',1,'2014/04/29','maquina deevelia'),
 (563,104,257,'PQ1P7ON2KQ',0,'2014/04/29',''),
 (564,32,393,'PJ6H5KM7TK',1,'2014/05/02',''),
 (565,185,257,'XB1B6ON3WY',1,'2014/05/02','FERNANDO'),
 (566,262,4,'RH1H1DU4TV',0,'2014/05/05',''),
 (567,263,2,'CD2J5JG0ML',1,'2014/05/05',''),
 (568,264,2,'PW2I1VQ3LV',1,'2014/05/05',''),
 (569,266,4,'YC8G0SE7CR',0,'2014/05/06',''),
 (570,267,257,'HE7N3TG2AM',1,'2014/05/08',''),
 (572,268,4,'UB2V3XG2GI',1,'2014/05/08',''),
 (574,134,4,'RG8P8KN4CY',1,'2014/05/12',''),
 (575,268,4,'MX4J5QY0NM',1,'2014/05/13',''),
 (576,223,1,'XJ4B4SR6MD',1,'2014/05/13',''),
 (577,123,2,'BB5Y2UK3TC',1,'2014/05/14',''),
 (578,270,4,'AK3L5UP7XH',1,'2014/05/14',''),
 (579,272,258,'QX8S4WA1RU',0,'2014/05/14',''),
 (580,273,4,'KJ8C3YU1JQ',1,'2014/05/15',''),
 (581,267,257,'JP8Q5IE5TQ',1,'2014/05/16',''),
 (582,195,64,'SI0A0RH0IV',1,'2014/05/17',''),
 (583,71,905,'GV2I1DG4WS',0,'2014/05/17',''),
 (584,6,1,'HA1D5VW7FP',1,'2014/05/17',''),
 (589,45,260,'MP5T7YC3PN',1,'2014/05/24',''),
 (591,275,1,'IC5M8PB7WY',1,'2014/05/27',''),
 (592,183,4,'GI0A2NK7OP',1,'2014/05/28',''),
 (595,276,258,'GO2O7LT6IV',1,'2014/06/02','NOMINA'),
 (596,89,4,'YJ4A1GK5CM',1,'2014/06/03','Nueva'),
 (600,277,4,'YA4Y1IS7BT',1,'2014/06/03',''),
 (601,278,4,'QP1O5AG8WD',1,'2014/06/03',''),
 (602,89,4,'LP3V1BN6CI',1,'2014/06/04',''),
 (603,267,3329,'US0B7QA7QA',1,'2014/06/05',''),
 (604,280,4,'IJ5F1MC6FE',1,'2014/06/05','RODRIGO LLAMAS'),
 (605,280,4,'SU2G7II5IH',1,'2014/06/05','FACTURACION-PC'),
 (606,278,1,'AJ5F2UJ4QX',1,'2014/06/06','CUARTITO'),
 (607,89,4,'DL4F1YU0JC',1,'2014/06/06',''),
 (608,156,258,'TQ4N0OO2CR',1,'2014/06/07',''),
 (609,11,4,'AN1B5MY2IV',1,'2014/06/07',''),
 (611,281,4,'UO0M1GS7NY',1,'2014/06/07',''),
 (613,282,4,'KT0G2JC4NU',1,'2014/06/10',''),
 (614,283,4,'PY4B3XR7YP',0,'2014/06/10',''),
 (615,284,4025,'SB5M6MB1FH',0,'2014/06/13','Ningno'),
 (616,284,1,'GV6M1SF6FU',0,'2014/06/13',''),
 (617,4,265,'LN7I0CJ8FQ',1,'2014/06/14','equipo copysol00 14 de mayo 2014'),
 (618,30,1,'RK3W8HM8YD',1,'2014/06/17',''),
 (619,59,260,'XE3A8JO3PI',1,'2014/06/20',''),
 (620,285,9,'LH6V8EQ1HF',1,'2014/06/24',''),
 (621,41,260,'CB4O4IO6BI',1,'2014/06/24',''),
 (622,48,34,'QC7R5XO7PR',0,'2014/06/25',''),
 (623,48,36,'IX6E5EV2QW',0,'2014/06/25',''),
 (624,48,36,'SC3Q7UO3OQ',0,'2014/06/25',''),
 (627,41,260,'TR4A8KO2NJ',1,'2014/06/30',''),
 (628,68,4,'JJ5I2KO0UT',1,'2014/07/02',''),
 (629,288,258,'EO2M7IP4PY',0,'2014/07/04','SOLO MODULO DE NOMINAS'),
 (631,14,1,'AU8S4EH4BR',1,'2014/07/07','EDITH     OK'),
 (632,290,258,'IO5J2FV2QP',1,'2014/07/09','PURA NOMINA'),
 (634,150,258,'IT2M4SR3PD',1,'2014/07/11','nomina solamente '),
 (636,291,4,'IE6U8OO6KA',0,'2014/07/12',''),
 (639,276,1,'NV2V1RK2HB',1,'2014/07/14','YURI'),
 (640,276,1,'DI7D5FA0OG',1,'2014/07/14','mostrador 1'),
 (641,276,1,'LL7T3SK3UR',1,'2014/07/14','mostrador 2'),
 (642,276,1,'SQ6Q6MG4JQ',1,'2014/07/14','mostrador 3'),
 (644,276,1,'GG3P8FS7LO',1,'2014/07/16',''),
 (645,276,1,'BF1U3AW5CV',1,'2014/07/16',''),
 (646,165,258,'MM0X5AN1AU',1,'2014/07/17','nomina'),
 (649,111,9,'QQ1D4CH0EN',1,'2014/07/18',''),
 (650,276,1,'XA7F2AP6KD',1,'2014/07/18',''),
 (651,276,1,'VS3W3IM1WD',1,'2014/07/18',''),
 (652,276,1,'KM3U8GM5IQ',1,'2014/07/18','ACTUAL LIGIA'),
 (653,293,1,'AB7F4MM4NF',1,'2014/07/21','LICENCIA NEGOCIO DE ALARMAS'),
 (654,294,1033,'KB1F8WJ3JJ',1,'2014/07/21','FUERTE'),
 (655,294,1033,'UJ0E2HI6CE',1,'2014/07/21','NOTEBOOK MONICA'),
 (656,294,1033,'VI4K4SL6SX',1,'2014/07/21','GALEANA'),
 (657,294,1033,'IW6M0NX4SQ',1,'2014/07/21','HIGUERA'),
 (658,294,1033,'GG2N7SO7UB',1,'2014/07/21',''),
 (659,294,1033,'BR5Q4DL8CI',1,'2014/07/21','CHOIX'),
 (660,294,1033,'FT1T0OA4WD',1,'2014/07/21','GUAMUCHIL'),
 (661,294,1033,'OS6J5BW7EK',1,'2014/07/21','NARANJO'),
 (662,4,265,'NG7J3XI0PP',1,'2014/07/22','CAMBIO DE DISCO DURO'),
 (664,297,4,'RF3B1VV1VT',1,'2014/07/28',''),
 (666,299,4,'KX3D0FQ4VF',1,'2014/07/31',''),
 (667,223,1,'KL1S6EK5LW',1,'2014/07/31','LICENCIA REMOTA JOYERIA'),
 (668,300,4,'BK1E8XW6HF',1,'2014/08/04',''),
 (669,28,9,'YX1T5KY8SA',1,'2014/08/05','SERVIDOR'),
 (670,301,1,'DH2Q2VU6VU',1,'2014/08/05','SERVIDOR DELL'),
 (673,56,1,'IU4T5FP2OV',1,'2014/08/11','SE CARGO EL DIA 11 DE AGOSTO DEL 2014 POR FORMATEO DE EQUIPO'),
 (676,303,2,'EQ0O8ID2YN',1,'2014/08/13',''),
 (677,304,1,'AW2E4XW2SI',0,'2014/08/16','LICENCIA  FCO.'),
 (679,3,7689,'AW1S6OX1DU',1,'2014/08/21','DELL SOPORTE'),
 (680,308,2,'FV4X5OV1UH',0,'2014/08/22',''),
 (681,194,1,'QJ8F8MC5OB',0,'2014/08/25','pass facturafiel: YEAM920226A'),
 (682,197,1,'HQ0D6SQ7VP',0,'2014/08/25',''),
 (685,302,6025,'HN0I4AG2OD',1,'2014/08/26',''),
 (687,165,1,'NW8S7YQ2IJ',0,'2014/08/28','SE CARGARON 5000 TIMBRES DE 10 MIL'),
 (689,316,1057,'YH2I6XB3XS',1,'2014/09/05',''),
 (694,306,1,'AO2K8MW6DB',1,'2014/09/06','LIC 1 SERVIDOR'),
 (695,306,1,'RB5J1IA0HB',1,'2014/09/06','LIC 2 OCTAVIO'),
 (696,306,1,'CB7Q5XG6TL',1,'2014/09/06','LIC 3 MOSTRADOR 1'),
 (697,306,1,'UB1H2OK7IG',1,'2014/09/06','LIC 4 MOSTRADOR 3'),
 (698,295,2,'MI0X7ND3DP',0,'2014/09/08',''),
 (699,23,2,'UE3X4TK4IF',1,'2014/09/10',''),
 (700,280,4,'XJ3K7GG1FK',0,'2014/09/12','RODRIGO'),
 (701,280,4,'RK6F1RF1MS',0,'2014/09/12','MARIANA'),
 (702,306,1,'HU4B2AE8HS',1,'2014/09/12','LIC 5 MOSTRADOR 2'),
 (703,306,1,'AF1F7HG2SQ',1,'2014/09/12','LIC 6 OPTIPLEX 745'),
 (704,306,1,'TT3Y5CW4CS',1,'2014/09/12','LIC 7 ANA'),
 (705,252,4,'BE6W0MN7BH',0,'2014/09/13','ABOGADOS'),
 (707,122,2,'YE8E7RL3GM',1,'2014/09/18',''),
 (709,144,2,'YB3D5PP0EK',1,'2014/09/22',''),
 (710,319,4,'OW2W4PC7UG',0,'2014/09/23',''),
 (714,321,3076,'GF3X3IS3TR',1,'2014/09/26',''),
 (716,322,3076,'OM7P3FA1HF',1,'2014/09/27','KILATE PLAZA 3 SERVIDORA'),
 (717,322,3076,'TR7P8RO8VM',1,'2014/09/27','KILATE PLAZA 3 USUARIO'),
 (718,326,10,'MT3Q8OL2KV',1,'2014/09/29',''),
 (719,323,10,'BX5S5NO7PE',1,'2014/09/29',''),
 (721,3,9617,'FB6X5QH6QL',1,'2014/10/02','CLAUDIA ACTUAL'),
 (722,301,1,'LO1U6SD1AN',1,'2014/10/02','LAPTOP DELL'),
 (723,34,9,'YH0O6WY1BA',1,'2014/10/03','TACTICAL NUEVA'),
 (724,329,1057,'EE1S0EM1IL',1,'2014/10/06',''),
 (725,3,16281,'FQ7G5EA0JT',1,'2014/10/07','INGE TODOS LOS MODULOS (ACTUAL)'),
 (726,106,2,'MN1H7AG4XO',1,'2014/10/07','PATYV'),
 (727,106,2,'YW6A3AT0IR',1,'2014/10/07','JUILIOM'),
 (728,276,257,'NC4T0OW4YP',1,'2014/10/07','PRUEBA'),
 (729,321,3076,'SK5G3VV2LQ',1,'2014/10/09',''),
 (731,45,1025,'QH2A5HA1XF',1,'2014/10/09',''),
 (732,12,1,'NC5D8NV1IR',1,'2014/10/13','LAPTOP COCORIT'),
 (733,120,2,'PR1V3JT3RX',1,'2014/10/15',''),
 (736,330,33,'BL3Y0PT6UG',1,'2014/10/16',''),
 (737,331,4,'HM8J3HF4RL',1,'2014/10/16',''),
 (738,303,2,'LG8H1MT7LM',1,'2014/10/16',''),
 (739,211,4,'IV1T2SN3EP',1,'2014/10/17',''),
 (740,211,260,'RD8N0FY7BP',1,'2014/10/18',''),
 (741,330,1,'KE1D3WB1MK',1,'2014/10/18',''),
 (742,102,1,'NH2K8US3WG',1,'2014/10/20',''),
 (743,3,32665,'NB7P4QN7OS',1,'2014/10/22','NOTEBOOK TOSHIBA INGE'),
 (744,3,32665,'CP8K6JF8VW',1,'2014/10/22','RENE MAS NUEVA'),
 (745,318,17409,'LY2E2WO8QL',1,'2014/10/23',''),
 (746,318,17409,'YU1X7GL3OB',1,'2014/10/23',''),
 (747,3,30601,'EW4G0YB3UB',1,'2014/10/25','LICENCIA PARA EQUIPO DE ISMAEL EN PULL SYSTEM'),
 (750,199,4,'RB8L3HO4AK',1,'2014/10/27','EQUIPO HP'),
 (751,294,1033,'QL7T6IR8IF',1,'2014/10/27','BAMOA'),
 (752,249,1,'JA0T2SP3GB',0,'2014/10/30','300 TIMBRES NO SON DE EL'),
 (758,177,4,'TY8G5ND0BK',1,'2014/11/01',''),
 (759,12,1,'XC3Q8GN2NJ',1,'2014/11/03','B8-70-F4-4C-85-7E  LAPTOP'),
 (760,332,258,'CJ7D0II7ID',0,'2014/11/03','PURA NOMINA SIN FACTURAR'),
 (761,293,1,'JP5S6EW1EC',1,'2014/11/03',''),
 (762,333,4,'AI5O6SE0BP',0,'2014/11/04',''),
 (764,330,1,'NQ6Y3JM2XR',1,'2014/11/04',''),
 (765,322,3076,'PP2I1JL7HP',1,'2014/11/06','ROGELIO 1'),
 (766,322,3076,'SK8Y2QA4VU',1,'2014/11/06','ROGELIO 2'),
 (768,334,10,'QA2E1AR1RH',1,'2014/11/11',''),
 (770,335,4,'VH6V8MU4RP',0,'2014/11/18','MISMA MAQUINA DE THESON Y CN INVERNADEROS'),
 (771,3,32665,'QH6D1YV7PO',1,'2014/11/19','COMPUTADORA SINUE'),
 (772,75,9609,'OC4S5SH3KA',1,'2014/11/20','PARA PRUEBAS'),
 (773,46,10121,'GR3L4BM7CF',1,'2014/11/21',''),
 (774,20,260,'EH1T6HP1IH',1,'2014/11/21',''),
 (775,28,9,'UM4I4BV4JG',1,'2014/11/27',''),
 (777,46,33,'VF1V3KH6XI',1,'2014/12/01',''),
 (778,46,33,'HS5N0BQ2BY',0,'2014/12/01','CLIENTE JOEL BOTAS'),
 (779,46,33,'QF1P4DC5LM',0,'2014/12/01',''),
 (781,318,17409,'QT3O8LA8LT',1,'2014/12/02',''),
 (782,336,4,'ON1J2RT5VO',0,'2014/12/04',''),
 (783,145,64,'GX7V4GE0XL',1,'2014/12/05','SE PUSO ESTA LICENCIA PORQUE SE LE ELIMINO EL ARCHIVO DE LA LICENCIA'),
 (789,337,1,'VI1T1AD3MO',1,'2014/12/09','SRA. LESLY'),
 (790,337,1,'QK3S0BM2FU',1,'2014/12/09','PERLITA'),
 (791,337,1,'OS3C0ER2DD',1,'2014/12/09','VENTA 1'),
 (792,337,1,'EV0S1PA7XS',1,'2014/12/09','VENTA 2'),
 (793,337,1,'WB1X4LA5SL',1,'2014/12/09','DR. JUAN GARCIA GIL'),
 (794,338,1,'MI3K8GH2GR',0,'2014/12/09',''),
 (795,12,1,'ND1I3VJ4UI',1,'2014/12/10','BALTAZAR'),
 (796,46,1929,'DN0Q4AX8RR',1,'2014/12/10',''),
 (797,339,1,'NY6M8CK2JW',1,'2014/12/11',''),
 (799,340,258,'ME8Y3BY2IT',0,'2014/12/16','LIC. SERVICIOS TECNICOS PURA NOMINA'),
 (800,341,258,'LL8U7HC3YF',0,'2014/12/16','HUMBERTO'),
 (802,230,9,'RN4W1KQ3QH',1,'2014/12/17',''),
 (803,230,9,'YV0B2PP3GP',1,'2014/12/17',''),
 (804,342,2,'FW2K1OV1LS',0,'2014/12/19',''),
 (806,343,4,'QN7K0OS3KR',1,'2014/12/22',''),
 (807,214,260,'YS4W4QJ8KT',1,'2014/12/23',''),
 (808,3,1,'AP2S6OI1WW',1,'2014/12/23','PRUEBA 1 LOCAL'),
 (809,3,32665,'RG6E0ER6VX',1,'2014/12/23','PRUEBA LOCAL 2'),
 (810,344,258,'YM5F5BB7UC',0,'2014/12/23',''),
 (811,166,320,'WS5N2OA1RK',0,'2014/12/29',''),
 (812,230,9,'JT2X8QE8BP',1,'2014/12/29',''),
 (813,91,4,'VK3Y7JC6NA',1,'2013/10/09',''),
 (814,12,1025,'BC6J5QJ6SS',1,'2014/12/30','LICENCIA LAPTOP LAURA'),
 (815,321,3073,'LX3U7NP4QJ',1,'2014/12/31','LAPTOP SERGIO'),
 (818,345,320,'SI3C2XQ6TD',0,'2014/12/31','MIGUEL'),
 (819,345,2,'CQ2N0LD4KK',1,'2014/12/31','PARA EL CLIENTE'),
 (820,346,258,'TD4H8OV0IS',0,'2015/01/02',''),
 (821,337,1,'PH1U0UC7EA',0,'2015/01/06',''),
 (822,168,9,'UA1M4NM6CS',1,'2015/01/06','SE PERDIO EL ARCHIVO USER'),
 (823,7,4,'VC8J6LK8LF',1,'2015/01/06','LICENCIA NUEVA INSTALADA'),
 (824,45,8193,'SJ0Q7CI6UL',1,'2015/01/06',''),
 (825,7,4,'XY5A5UI1MY',1,'2015/01/09','EQUIPO TRES HERMANOS VICAM'),
 (826,58,1,'JU7P6GG7RC',1,'2015/01/09','POR FORMATEO'),
 (827,12,1025,'OW8D5NK7DB',1,'2015/01/12','VENTAS 2'),
 (828,128,4,'UQ5G8SC3LE',1,'2015/01/13',''),
 (830,347,4,'FS8P5IA1YD',1,'2015/01/14',''),
 (832,3,65433,'SS7J8PE4FU',1,'2015/01/17','RENE NUEVA DE NUEVO'),
 (833,3,65433,'JI6Y8NC1KD',1,'2015/01/19','INGE CON TODO'),
 (834,8,4,'TT0K5LJ5QO',1,'2015/01/19',''),
 (835,3,42385,'UU4A0UT8LH',1,'2015/01/19','CLAUDIA CON VALIDADOR'),
 (836,3,42377,'XF8F5SO0BA',1,'2015/01/19','IBM ISMAEL'),
 (837,3,60809,'VR0Y6EK4DJ',1,'2015/01/19','EQUIPO RECEPCION'),
 (841,75,42377,'CE5B7UM7XO',1,'2015/01/20','NUEVA CON CONTABILIDAD Y VALIDADOR'),
 (843,46,42377,'RK7S3BF6EY',1,'2015/01/20','LICENCIA NUEVA PARA EMPRESA DE MARIO'),
 (844,348,9,'TN3L2UH2HM',1,'2015/01/21','APIKEY  9613ACC9DD0540B1'),
 (845,62,260,'SO1G1HM7TN',1,'2015/01/21',''),
 (847,217,256,'MP4C5WB2UW',0,'2015/01/23','LICENCIA DE NOMINA CON MARIO CERECER'),
 (850,133,42372,'HX8O6GV8QX',1,'2015/01/23','LICENCIA MIGUEL SERNA'),
 (851,133,8448,'BV0J1CY3RX',1,'2015/01/23','AUXILIAR 2 NOMINA Y CONTABILIDAD-PC'),
 (852,133,8448,'DE3J7JY4JK',1,'2015/01/23','HIJA DE MIGUEL'),
 (854,133,8448,'JF2F8LW8MT',1,'2015/01/23','AUXILIAR 2  RECEPCION'),
 (855,3,65433,'SO6K2DU4ND',1,'2015/01/24','RENE'),
 (856,225,1284,'SE7J1IN6FD',1,'2015/01/25',''),
 (857,20,257,'JB5S5KL6UA',1,'2015/01/26',''),
 (858,136,4,'WN7L4BD3EH',1,'2015/01/27',''),
 (859,28,8329,'BX3A4WH0JW',1,'2015/01/28','EQUIPO DE MONY'),
 (860,28,8329,'WS1V5TE0WH',0,'2015/01/28','EQUIPO DE MAYRA'),
 (861,28,8201,'PN0O4OG1BK',0,'2015/01/28','EQUIPO DE MYRNA'),
 (862,28,9,'KQ3B6UN8SC',0,'2015/01/28','EQUIPO DE CAJA'),
 (863,28,9,'HI2D8LQ5QY',0,'2015/01/28','MOSTRADOR 1'),
 (864,28,9,'PQ7N0FK2IF',0,'2015/01/28','MOSTRADOR 2'),
 (865,28,9,'NP7T2LB8KN',0,'2015/01/28','MOSTRADOR 3'),
 (866,350,9,'VG4N2UW4OV',1,'2015/01/28','MOSTRADOR 1'),
 (867,350,9,'MY4N4BB3DW',1,'2015/01/28','MOSTRADOR 2'),
 (868,350,9,'VV6J7JV8IU',1,'2015/01/28','OFICINA'),
 (869,3,0,'PE7J4XN7GK',1,'2015/01/30','NADA'),
 (870,3,65433,'FJ6J2YJ4OU',1,'2015/01/30','RENE'),
 (871,350,41097,'QM4C2ES2GY',1,'2015/02/03',''),
 (872,168,1033,'JW8N0OR6XB',1,'2015/02/05',''),
 (873,156,33028,'YX6A5LO6QC',1,'2015/02/05',''),
 (874,156,33088,'CJ4C4HD6IO',0,'2015/02/05',''),
 (875,352,4,'XM5B2PR0DB',1,'2015/02/06',''),
 (876,90,32769,'WB5U4AC7AG',1,'2015/02/06',''),
 (877,268,8448,'OW6G0AB2TB',0,'2015/02/09','LICENCIA PARA DESPACHO DE MARIO CERECER'),
 (878,137,8192,'MW6C3WW6PT',0,'2015/02/09','LICENCIA PARA DESPACHO DE MARIO CERECER'),
 (880,327,8450,'CS4B1QO8VG',1,'2015/02/09',''),
 (883,353,8192,'CM3E5CV5XG',0,'2015/02/09','LICENCIA DESPACHO MARIO CERECER'),
 (884,354,8192,'NE3I5WV3HV',0,'2015/02/09','LICENCIA PARA DESPACHO DE MARIO CERECER'),
 (885,355,8192,'FK3O8TT8LS',0,'2015/02/09','PARA DESPACHO MARIO CERECER'),
 (886,314,8192,'HT0P0EE2VF',0,'2015/02/09','DESPACHO CONTADOR CERECER'),
 (887,357,9,'TK3M0NM8KO',1,'2015/02/10',''),
 (888,174,260,'MA3K0KV3KG',1,'2015/02/11',''),
 (889,138,8192,'JB0H0MA0OU',0,'2015/02/11','LICENCIA DESPACHO MARIO CERECER'),
 (890,356,8192,'TB5C1US1JQ',0,'2015/02/11','LICENCIA DESPACHO MARIO CERECER'),
 (891,358,8192,'UH1I5DI4YR',0,'2015/02/11','LICENCIA DESPACHO MARIO CERECER'),
 (892,276,40961,'PV6E6YD2HF',1,'2015/02/12','SANDY'),
 (893,276,40961,'GH5E6CD7UY',1,'2015/02/12','CONTADOR'),
 (894,276,8452,'VY0G6AT8CJ',1,'2015/02/13','EQUIPO OFICINA CONTABILIDAD '),
 (895,327,8452,'KW3N4UM7QV',1,'2015/02/13','SERVIDOR MARIO CERECER'),
 (896,327,8192,'DS5R8BO3BT',1,'2015/02/13','CHARITO'),
 (897,327,8448,'GN2B2DN2OW',1,'2015/02/13','MINERVA'),
 (898,45,8449,'MX7U5TV4SB',1,'2015/02/13',''),
 (902,234,256,'LE6A8FX7GW',0,'2015/02/13','DESPACHO CERECER'),
 (903,327,8452,'IW5A5CQ4XH',1,'2015/02/18',''),
 (904,328,8448,'KG7Q5SJ6EQ',1,'2015/02/18','MARIO HIJO'),
 (905,328,8448,'JA3P0SB5YH',1,'2015/02/18','SERGIO'),
 (906,328,8448,'AI3T3OJ2XQ',1,'2015/02/18','MAQ 1'),
 (907,328,8448,'DU4J7DW5MD',1,'2015/02/18','MAQ 2'),
 (908,328,8448,'BS1J5OF1CC',1,'2015/02/20','GEOVANNA'),
 (909,297,260,'MJ8N3EX1TL',1,'2015/02/20',''),
 (910,327,8194,'US6G0OV4YI',1,'2015/02/20','CHARITO'),
 (911,360,8192,'UW1L4TR4TL',0,'2015/02/20','DESPACHO MARIO CERECER'),
 (912,361,8192,'RV8L6CX7SS',0,'2015/02/20','DESPACHO MARIO CERECER'),
 (913,294,1033,'MI5O2WN0TI',1,'2015/02/20',''),
 (914,317,1025,'WC5Q3LJ3SS',1,'2015/02/21',''),
 (915,317,1,'SD4F2JX1IR',1,'2015/02/21',''),
 (916,317,1,'WK6P4DQ5UB',1,'2015/02/21',''),
 (917,317,1,'QT7Y1PS2YD',1,'2015/02/21',''),
 (918,317,1,'JM8T4JF0UF',1,'2015/02/21',''),
 (919,317,9,'QC8P7AV2FH',1,'2015/02/23','SUPERVISOR'),
 (920,169,4,'GI1S0RI7RY',1,'2015/02/23',''),
 (921,317,1033,'VX6L6YE3YB',1,'2015/02/24',''),
 (922,328,8577,'FF5K5BC3GV',1,'2015/02/25','SERVIDOR MARIO CHICO'),
 (923,327,8577,'WK4I1RF7UN',1,'2015/02/25','ISABEL'),
 (924,12,9345,'FE4B6FK2BG',1,'2015/02/27','BEATRIZ'),
 (925,12,9345,'UM3P7MP6WQ',1,'2015/02/27','AUXILIAR DE CONTABILIDAD'),
 (926,28,9,'TH5W6WM0DN',1,'2015/02/27',''),
 (927,317,9,'LF8Y8MU6GM',1,'2015/03/02','CAJA'),
 (928,317,9,'MB2B3QI6RE',0,'2015/03/02','FACTURACION'),
 (929,306,1153,'XL0J7RV5SO',1,'2015/03/02','DELL ANA '),
 (930,227,258,'IF7S5YR5VD',1,'2015/03/03',''),
 (931,331,4,'SW7N5AG4LO',1,'2015/03/04',''),
 (932,362,1,'QB2I1QC0QU',1,'2015/03/05',''),
 (933,294,1033,'QW4H2YX7PW',1,'2015/03/05',''),
 (934,363,4,'AI1E5XP2AR',1,'2015/03/05',''),
 (935,112,1,'OK2V8WG8SP',1,'2015/03/05',''),
 (937,364,4,'RW8P4LM8HP',0,'2015/03/06','SE LLEVA AQUI EN PULL'),
 (938,9,1161,'EQ5A4CT6DM',1,'2015/03/07',''),
 (939,365,4,'KT5S4YU4IO',0,'2015/03/09',''),
 (941,14,1025,'WT5J4KI8HW',1,'2015/03/11','ERIKA    OK'),
 (942,14,9345,'OD8M7JY1NR',1,'2015/03/11','CONTADORA  IRMA    OK'),
 (944,369,2,'AV5J0YQ1UV',1,'2015/03/11',''),
 (945,93,4,'PW5K2TR7PT',1,'2015/03/13',''),
 (946,277,1028,'QB8D5AQ4EY',1,'2015/03/20','EQUIPO LIVIA'),
 (948,370,9345,'JN2D1SL3VE',1,'2015/03/23','SERVIDOR'),
 (949,370,9345,'QV1M4TS5SO',1,'2015/03/23',''),
 (950,276,1,'XO1O8SX0JU',1,'2015/03/26',''),
 (952,371,256,'OE0I6TV7KH',0,'2015/03/30','NOMINAS PARA CP MIGUEL'),
 (953,205,256,'SD4K4ES5NP',0,'2015/03/30','NOMINAS DESPACHO MIGUEL SERNA'),
 (954,66,256,'FF3P0SD2WO',0,'2015/03/30','NOMINAS DESPACHO SERNA'),
 (955,372,256,'KG4P2MF2PN',0,'2015/03/30','NOMINAS DESPACHO SERNA'),
 (956,373,256,'LG7Q4AQ4XM',0,'2015/03/30','NOMINAS DESPACHO SERNA'),
 (957,122,256,'RH7V7KD3DR',0,'2015/03/30','NOMINAS DESPACHO SERNA'),
 (958,374,256,'XI3N6QW4EJ',0,'2015/03/30','NOMINA DESPACHO SERNA'),
 (959,132,256,'NG6K7IK3XF',0,'2015/03/30','NOMINA DESPACHO SERNA'),
 (960,128,4,'PD6G7PS0JY',1,'2015/04/01',''),
 (961,357,9,'KC4L0PY6HB',1,'2015/04/07',''),
 (962,3,65433,'EK3G0TO2FN',1,'2015/04/07','DEL INGE'),
 (963,278,1025,'LE6X1OM0NG',1,'2015/04/13','IVAN PRUEBA CON GASTOS'),
 (964,278,1,'XK3M4BU4WL',1,'2015/04/13','IBM'),
 (965,327,8192,'NE6G3XI8RK',1,'2015/04/13','LUIS CEJA'),
 (966,362,1281,'HJ7J8UO8XV',1,'2015/04/14',''),
 (967,350,9,'LN3A1RO0OS',1,'2015/04/15',''),
 (968,301,1025,'RV3Y7GN1NP',1,'2015/04/16','MOSTRADOR 1'),
 (969,301,1025,'RW8F1FG1GC',1,'2015/04/16','MOSTRADOR 2'),
 (970,301,1025,'VY5W1XR5AI',1,'2015/04/16','LAPTOP DELL'),
 (971,375,4,'ME4F0OA2HJ',1,'2015/04/16',''),
 (973,328,8448,'AQ2E2SV0YQ',1,'2015/04/17','CAROLINA'),
 (974,14,1,'YB7E6BR0RT',1,'2015/04/21','MARIBEL FORMATEO DE PC'),
 (975,278,1,'OD7D5TE8SJ',1,'2015/04/21','EQUIPO ARMADO NUEVO BODEGA'),
 (976,376,12,'QG4O4AS3GJ',1,'2015/04/23','ALAMEDA'),
 (978,350,1,'BY8W3II4DE',1,'2015/04/24','VENTA 2   OK'),
 (979,377,4,'MQ1M6UO2VV',0,'2015/04/27',''),
 (980,370,9345,'AT7F0OU3DO',0,'2015/04/27',''),
 (983,276,9217,'FW0J7YW3QG',1,'2015/05/04','LIGIA CONTABILIDAD Y GASTOS'),
 (984,363,4,'CO3T2TD2QH',1,'2015/05/06',''),
 (985,208,1,'PY8U2LH8QT',0,'2015/05/12',''),
 (986,84,2,'RG2U4CQ3UW',1,'2015/05/12',''),
 (987,294,1033,'QF8I4RG6HI',1,'2015/05/14','GUAMUCHIL COMPUTADORA FORMATEADA'),
 (988,200,1028,'BS2M5XT1BR',1,'2015/05/20','SUCURSAL NUEVA'),
 (990,216,1284,'BF2E0NS7JO',1,'2015/05/20',''),
 (992,378,2,'LM2D4SO3NA',0,'2015/05/20',''),
 (993,370,9345,'BP5X2AW1NP',0,'2015/05/22',''),
 (994,370,9345,'RP6J3RI5TY',1,'2015/05/22',''),
 (995,31,8196,'SG3A8CD1AQ',1,'2015/05/25',''),
 (996,62,41348,'MC5Y8VU5GH',1,'2015/05/25','NOTEBOOK YOLANDA'),
 (1001,32,8480,'QP5T8SP0HA',0,'2015/05/26',''),
 (1002,32,8480,'WC6T5JJ4VQ',0,'2015/05/26',''),
 (1003,32,8481,'OD8Y7GH3AY',0,'2015/05/26',''),
 (1004,32,8480,'FE4Q8PL5YA',0,'2015/05/26',''),
 (1005,32,8481,'YK3C6SF2FA',0,'2015/05/26',''),
 (1006,379,1026,'EX0A1WO4PP',0,'2015/05/26',''),
 (1007,278,1,'MJ3P3WY8SX',1,'2015/05/26','EQUIPO IVAN SE FORMATEO'),
 (1008,350,41345,'JP0J0BJ6TF',1,'2015/05/27',''),
 (1009,24,1417,'JF3G6KC0MI',1,'2015/05/28','CAMBIO DE LICENCIA SE AGREGO GASTOS'),
 (1011,72,4,'BX5R4PM3JC',1,'2015/05/29',''),
 (1012,380,1036,'IK8F2NX4AJ',0,'2015/06/01',''),
 (1013,317,1033,'LU0Q4SN5DE',1,'2015/06/01','SERVIDOR PATTY PINEDA'),
 (1014,30,1,'IQ0G1WO6YS',1,'2015/06/08','KARO'),
 (1015,33,1,'BL4F6VJ4KI',1,'2015/06/11',''),
 (1016,96,1028,'KS8W6MM7LF',0,'2015/06/11',''),
 (1017,96,1025,'MI3I5WW6PA',1,'2015/06/11',''),
 (1018,128,4,'WL2V2VU2QQ',1,'2015/06/12',''),
 (1019,96,1025,'DG1L1YO3SJ',1,'2015/06/17',''),
 (1020,8,4,'HS5G2YQ6TD',1,'2015/06/17',''),
 (1021,317,1,'EY7V8DB0EJ',1,'2015/06/23',''),
 (1022,26,9,'KQ0M0XJ7LT',1,'2015/06/26',''),
 (1023,26,9,'CX3G0PC1FB',0,'2015/06/27',''),
 (1025,381,4,'VO3E4WY4CX',1,'2015/06/29',''),
 (1026,382,64,'IK6S3EN3BH',1,'2015/06/30',''),
 (1027,383,1,'UU4D2YX6XK',0,'2015/07/04',''),
 (1028,322,256,'GK4X2NP7BO',0,'2015/07/06',''),
 (1029,321,256,'SE3D6CJ7YK',0,'2015/07/06','OFICINA DE OBREGON'),
 (1030,384,1153,'AE6I6UQ4LH',1,'2015/07/06','CONTADOR '),
 (1031,384,1409,'YO2B3GS4HB',1,'2015/07/06',''),
 (1032,32,42377,'SS4V5CW4JN',1,'2015/07/10','LICENCIA PARA EQUIPO EN OFICINA DE ENRIQUE'),
 (1033,164,1,'WK7D5PK5MC',1,'2015/07/15',''),
 (1034,381,12,'IG8R2QP5DO',1,'2015/07/16',''),
 (1035,385,1,'MS7H5CR6SE',1,'2015/07/21',''),
 (1036,385,1025,'FV6V2HX2GV',1,'2015/07/24',''),
 (1037,99,4,'OX0X8GN5CN',1,'2015/07/25','COMP JESUS'),
 (1041,49,42377,'PI5C1WE3RH',1,'2015/07/27','PARA DEMO TAMMSY'),
 (1042,265,4,'JY8M0MA2BD',1,'2015/07/27',''),
 (1043,294,1033,'ND8K7YV4XA',1,'2015/07/28',''),
 (1044,32,42377,'GC3M2IL5OL',0,'2015/07/28','LAPTOP ISMAEL RUIZ'),
 (1045,350,8577,'PM4Q4OP4HG',1,'2015/07/28','EQUIPO NUEVO DE CONTADORA'),
 (1046,32,1057,'LP3H3BI5PP',0,'2015/07/31','LICENCIA PARA REFACCIONARIA DE PRUEBAS'),
 (1047,3,1057,'LO2E3RT5RA',1,'2015/07/31','PRUEBA ISMAEL'),
 (1048,386,1025,'GD5S3YS3EF',0,'2015/08/01','LICENCIA 1'),
 (1049,386,1025,'ML7H1IA5LJ',0,'2015/08/01','LICENCIA 2'),
 (1050,186,1284,'EB8E1WD0RF',1,'2015/08/01','LICENCIA PARA EQUIPO NUEVO'),
 (1051,387,9609,'CG5Q5AN1VH',1,'2015/08/05','LICENCIA PARA REYNA'),
 (1052,387,1025,'RC8U7LE4IT',1,'2015/08/05','EQUIPO DE RECEPCION DE COMPRAS'),
 (1053,387,1033,'AC0R6WT7JN',0,'2015/08/05','EQUIPO DE FACTURACION...CAFE CAFE'),
 (1054,388,132,'DO6Y1FR0SW',1,'2015/08/05','');
/*!40000 ALTER TABLE `tbllicencias` ENABLE KEYS */;


--
-- Definition of table `tbltimbres`
--

DROP TABLE IF EXISTS `tbltimbres`;
CREATE TABLE `tbltimbres` (
  `ID` int(10) unsigned NOT NULL AUTO_INCREMENT,
  `idLicencia` int(10) unsigned NOT NULL,
  `cantidad` double NOT NULL,
  `fecha` varchar(12) NOT NULL,
  PRIMARY KEY (`ID`)
) ENGINE=InnoDB AUTO_INCREMENT=442 DEFAULT CHARSET=latin1;

--
-- Dumping data for table `tbltimbres`
--

/*!40000 ALTER TABLE `tbltimbres` DISABLE KEYS */;
INSERT INTO `tbltimbres` (`ID`,`idLicencia`,`cantidad`,`fecha`) VALUES 
 (8,3,100,'2014/03/01'),
 (9,3,50,'2013/12/31'),
 (10,3,10,'2013/08/02'),
 (11,287,100,'2014/07/03'),
 (13,629,400,'2014/07/04'),
 (14,83,2000,'2014/07/08'),
 (15,117,300,'2014/07/09'),
 (16,30,500,'2014/07/09'),
 (17,149,20000,'2014/07/09'),
 (19,153,500,'2014/07/12'),
 (20,153,1500,'2014/07/14'),
 (21,41,1000,'2013/07/31'),
 (22,191,500,'2014/07/17'),
 (23,278,100,'2014/07/18'),
 (24,290,1000,'2014/07/18'),
 (25,292,500,'2014/07/18'),
 (26,86,1000,'2014/07/21'),
 (27,293,500,'2014/07/21'),
 (28,159,100,'2014/07/23'),
 (29,123,100,'2014/07/23'),
 (30,169,300,'2014/08/08'),
 (31,197,200,'2014/08/07'),
 (32,276,1000,'2014/07/07'),
 (33,276,10000,'2014/08/04'),
 (34,302,500,'2014/08/01'),
 (35,175,200,'2014/08/14'),
 (36,205,500,'2014/08/14'),
 (37,677,500,'2014/08/18'),
 (38,12,3000,'2014/08/18'),
 (39,121,300,'2014/08/18'),
 (40,304,500,'2014/08/20'),
 (41,307,50,'2014/08/22'),
 (42,15,300,'2014/08/25'),
 (43,221,100,'2014/03/19'),
 (44,220,100,'2014/03/19'),
 (45,219,100,'2014/03/19'),
 (46,78,2000,'2013/12/13'),
 (47,159,300,'2014/08/25'),
 (48,108,300,'2013/11/06'),
 (49,108,300,'2014/08/25'),
 (50,104,200,'2014/08/27'),
 (51,78,3000,'2014/08/28'),
 (52,89,200,'2014/04/02'),
 (53,89,1000,'2014/03/05'),
 (54,89,1000,'2014/08/28'),
 (55,288,400,'2014/07/04'),
 (56,165,10000,'2014/08/28'),
 (57,189,1000,'2014/01/18'),
 (58,57,1000,'2013/12/04'),
 (59,33,50,'2014/09/04'),
 (60,33,100,'2014/08/23'),
 (61,120,300,'2014/04/07'),
 (62,120,1000,'2014/09/09'),
 (63,435,50,'2014/09/10'),
 (64,149,30000,'2013/12/23'),
 (65,149,10000,'2014/06/11'),
 (66,280,100,'2014/06/07'),
 (67,280,300,'2014/08/13'),
 (68,14,12000,'2013/11/19'),
 (69,706,100,'2014/03/26'),
 (70,132,10000,'2013/12/17'),
 (71,132,3000,'2014/09/18'),
 (72,173,100,'2014/01/08'),
 (73,173,100,'2014/06/03'),
 (74,173,100,'2014/09/23'),
 (75,221,300,'2014/09/24'),
 (76,179,300,'2014/09/24'),
 (77,179,2000,'2014/01/10'),
 (78,179,3000,'2014/04/09'),
 (79,199,100,'2014/09/27'),
 (80,10,3000,'2014/09/29'),
 (81,10,2000,'2013/12/14'),
 (82,317,100,'2014/03/26'),
 (83,317,100,'2014/09/29'),
 (84,199,100,'2013/12/12'),
 (85,199,100,'2014/04/23'),
 (86,165,20000,'2014/01/01'),
 (87,165,5000,'2014/07/12'),
 (88,175,500,'2014/09/29'),
 (89,175,1000,'2014/08/29'),
 (90,132,2000,'2014/09/24'),
 (91,175,500,'2014/01/08'),
 (92,175,2000,'2014/02/19'),
 (93,175,1000,'2014/09/29'),
 (94,223,100,'2014/05/14'),
 (95,289,800,'2013/11/15'),
 (96,30,500,'2014/01/06'),
 (97,30,500,'2014/01/06'),
 (98,321,500,'2014/10/03'),
 (99,179,500,'2014/10/09'),
 (100,18,300,'2014/10/13'),
 (101,296,1000,'2014/07/19'),
 (102,296,1000,'2014/10/13'),
 (103,319,1000,'2013/12/05'),
 (104,216,50,'2014/03/18'),
 (105,216,1000,'2014/03/26'),
 (106,292,50,'2014/03/18'),
 (107,203,500,'2014/02/05'),
 (108,306,1000,'2014/09/13'),
 (109,306,2000,'2014/10/15'),
 (110,191,100,'2014/01/21'),
 (111,191,500,'2014/02/27'),
 (112,191,500,'2014/10/15'),
 (113,96,10000,'2014/03/12'),
 (114,252,25,'2014/10/15'),
 (115,85,50,'2014/10/17'),
 (116,25,1000,'2014/10/18'),
 (117,211,100,'2014/02/18'),
 (118,211,300,'2014/08/04'),
 (119,23,25,'2014/10/20'),
 (120,23,200,'2014/10/20'),
 (121,23,200,'2014/10/20'),
 (122,196,100,'2014/02/26'),
 (123,196,100,'2014/10/20'),
 (124,85,50,'2014/10/20'),
 (125,252,25,'2014/10/20'),
 (126,25,5000,'2013/10/10'),
 (127,36,6500,'2013/11/21'),
 (128,36,1000,'2014/10/22'),
 (129,27,50,'2013/02/13'),
 (130,27,100,'2014/03/19'),
 (131,27,50,'2014/09/10'),
 (132,260,100,'2014/10/24'),
 (133,260,100,'2014/04/29'),
 (134,306,5000,'2014/10/24'),
 (135,306,2000,'2014/10/24'),
 (136,278,500,'2014/10/24'),
 (137,252,50,'2014/10/24'),
 (138,25,4000,'2014/10/24'),
 (139,185,1000,'2014/01/15'),
 (140,134,100,'2013/12/10'),
 (141,134,1000,'2014/03/06'),
 (142,134,100,'2014/10/29'),
 (143,183,300,'2014/10/29'),
 (144,218,500,'2014/03/28'),
 (145,218,500,'2014/10/30'),
 (146,8,200,'2014/04/02'),
 (147,8,150,'2014/04/07'),
 (148,233,1000,'2014/03/28'),
 (149,233,150,'2014/04/07'),
 (150,233,200,'2014/09/05'),
 (151,233,200,'2014/10/30'),
 (152,235,1000,'2014/04/02'),
 (153,235,100,'2014/04/07'),
 (154,271,100,'2014/05/14'),
 (155,271,900,'2014/04/02'),
 (156,236,900,'2014/04/02'),
 (157,237,700,'2014/04/02'),
 (158,237,400,'2014/04/02'),
 (159,239,200,'2014/04/02'),
 (160,240,700,'2014/04/02'),
 (161,240,100,'2014/02/07'),
 (162,241,500,'2014/04/02'),
 (163,241,100,'2014/04/07'),
 (164,249,300,'2014/04/07'),
 (165,249,200,'2014/04/02'),
 (166,752,500,'2014/04/02'),
 (167,271,100,'2014/04/07'),
 (168,242,100,'2014/04/07'),
 (169,327,100,'2013/12/26'),
 (170,327,500,'2014/02/26'),
 (171,328,100,'2013/12/27'),
 (172,328,100,'2014/02/26'),
 (173,179,500,'2014/10/31'),
 (174,327,400,'2014/11/01'),
 (175,331,300,'2014/11/01'),
 (176,231,300,'2014/11/03'),
 (177,14,12000,'2014/11/03'),
 (178,760,1000,'2014/11/03'),
 (179,333,75,'2014/11/04'),
 (180,17,1000,'2013/11/20'),
 (181,17,500,'2013/11/20'),
 (182,205,1000,'2014/11/07'),
 (183,12,1000,'2014/06/13'),
 (184,12,1000,'2014/03/28'),
 (185,102,1000,'2013/12/05'),
 (186,34,500,'2014/03/04'),
 (187,101,1000,'2013/12/12'),
 (188,93,1000,'2013/10/18'),
 (189,142,500,'2014/03/26'),
 (190,171,500,'2014/02/25'),
 (191,11,1000,'2014/10/06'),
 (192,37,10000,'2014/06/23'),
 (193,99,3000,'2013/07/05'),
 (194,185,1000,'2014/11/11'),
 (195,35,2000,'2013/12/13'),
 (196,35,3000,'2014/07/16'),
 (197,61,3000,'2014/06/17'),
 (198,149,5000,'2014/11/12'),
 (199,99,3600,'2014/11/13'),
 (200,161,1000,'2013/12/28'),
 (201,362,1000,'2013/12/28'),
 (202,770,100,'2014/11/18'),
 (203,100,100,'2013/10/24'),
 (204,114,1000,'2014/06/26'),
 (205,114,1000,'2013/12/14'),
 (206,291,300,'2014/08/18'),
 (207,291,200,'2013/12/02'),
 (208,73,100,'2014/01/07'),
 (209,180,100,'2014/01/10'),
 (210,180,500,'2014/05/19'),
 (211,200,500,'2014/01/30'),
 (212,636,100,'2014/08/14'),
 (213,230,300,'2014/11/21'),
 (214,62,100,'2014/11/21'),
 (215,98,1000,'2014/11/21'),
 (216,227,300,'2014/11/25'),
 (217,227,300,'2014/03/31'),
 (218,227,100,'2014/03/27'),
 (219,161,300,'2014/11/27'),
 (220,36,5000,'2014/12/01'),
 (221,33,50,'2014/10/16'),
 (222,149,5000,'2014/12/03'),
 (223,179,400,'2014/12/03'),
 (224,272,200,'2014/12/03'),
 (225,165,5000,'2014/12/03'),
 (226,124,500,'2014/08/01'),
 (227,336,100,'2014/12/04'),
 (228,124,300,'2014/12/04'),
 (229,113,50,'2014/02/10'),
 (230,277,100,'2014/06/03'),
 (231,90,1000,'2013/11/06'),
 (232,90,1000,'2014/06/26'),
 (233,145,5000,'2014/12/11'),
 (234,797,1000,'2014/12/11'),
 (235,96,10000,'2014/12/12'),
 (236,188,100,'2014/02/01'),
 (237,188,1000,'2014/12/12'),
 (238,280,1000,'2014/12/15'),
 (239,340,100,'2014/12/16'),
 (240,161,200,'2014/12/17'),
 (241,804,1000,'2014/12/19'),
 (242,337,1000,'2014/12/22'),
 (243,175,3000,'2014/12/22'),
 (244,17,1000,'2014/12/29'),
 (245,3,500,'2014/12/29'),
 (246,3,500,'2014/03/31'),
 (247,344,1000,'2014/12/31'),
 (248,818,200,'2015/01/02'),
 (249,346,50,'2015/01/02'),
 (250,113,100,'2015/01/02'),
 (251,41,2000,'2015/01/05'),
 (252,127,100,'2015/01/05'),
 (253,363,4000,'2013/12/23'),
 (255,90,1000,'2015/01/06'),
 (256,73,100,'2015/01/07'),
 (257,220,300,'2015/01/12'),
 (258,149,5000,'2015/01/15'),
 (259,87,200,'2015/01/15'),
 (260,87,800,'2015/01/17'),
 (261,87,1000,'2013/10/14'),
 (262,145,1000,'2015/01/17'),
 (263,145,5000,'2013/12/23'),
 (264,145,5000,'2013/12/23'),
 (265,145,3000,'2014/07/03'),
 (266,145,17000,'2014/07/09'),
 (267,153,2000,'2014/01/01'),
 (268,148,1000,'2015/01/21'),
 (269,248,200,'2014/04/02'),
 (270,847,1000,'2014/03/25'),
 (271,296,1000,'2015/01/24'),
 (272,145,1000,'2015/01/26'),
 (273,165,1000,'2015/01/18'),
 (274,165,1000,'2015/01/27'),
 (275,101,100,'2015/01/30'),
 (276,132,1000,'2015/01/30'),
 (277,145,800,'2015/02/03'),
 (278,351,500,'2015/02/03'),
 (279,191,500,'2015/02/04'),
 (280,320,500,'2015/02/06'),
 (281,319,1000,'2015/02/06'),
 (282,148,100,'2015/02/09'),
 (283,165,500,'2015/02/09'),
 (284,149,500,'2015/02/09'),
 (285,145,500,'2015/02/09'),
 (286,145,500,'2015/02/11'),
 (287,264,500,'2015/02/12'),
 (288,881,50,'2015/02/13'),
 (289,902,150,'2014/04/02'),
 (290,126,1000,'2013/12/12'),
 (291,342,1000,'2014/12/19'),
 (292,342,1000,'2015/02/17'),
 (293,272,1000,'2015/02/20'),
 (294,56,300,'2015/02/19'),
 (295,58,1000,'2015/02/24'),
 (296,45,10000,'2014/05/26'),
 (297,12,3000,'2015/02/25'),
 (298,317,5000,'2015/02/26'),
 (299,101,900,'2015/01/30'),
 (300,685,500,'2014/08/01'),
 (301,294,500,'2015/03/06'),
 (302,20,100,'2015/03/06'),
 (303,937,50,'2014/12/02'),
 (304,364,50,'2014/12/02'),
 (305,364,50,'2015/03/06'),
 (306,265,200,'2014/05/07'),
 (307,128,100,'2013/12/13'),
 (308,369,1000,'2015/03/12'),
 (309,69,300,'2015/03/12'),
 (310,287,100,'2015/03/12'),
 (311,387,500,'2015/03/18'),
 (312,224,100,'2014/03/21'),
 (313,224,100,'2015/03/18'),
 (314,8,50,'2015/03/18'),
 (315,16,12000,'2013/12/17'),
 (316,357,300,'2015/03/19'),
 (317,147,300,'2015/03/20'),
 (318,154,2000,'2014/01/01'),
 (319,352,2000,'2015/03/23'),
 (320,297,50,'2015/03/26'),
 (321,4,1500,'2014/01/06'),
 (322,299,100,'2014/12/31'),
 (323,112,1000,'2015/03/27'),
 (324,276,10000,'2015/03/27'),
 (325,195,200,'2015/03/31'),
 (326,165,200,'2015/03/31'),
 (327,145,200,'2015/03/31'),
 (328,373,200,'2015/03/31'),
 (329,374,200,'2015/03/31'),
 (330,66,200,'2015/03/31'),
 (331,363,200,'2015/03/31'),
 (332,205,200,'2015/03/31'),
 (333,372,200,'2015/03/31'),
 (334,348,100,'2015/03/31'),
 (335,128,100,'2015/04/01'),
 (336,148,100,'2015/04/06'),
 (337,148,10000,'2013/12/23'),
 (338,148,1000,'2014/07/08'),
 (340,148,9000,'2014/07/09'),
 (341,148,1000,'2014/12/05'),
 (342,148,1000,'2014/12/19'),
 (343,148,1000,'2015/01/05'),
 (344,342,1000,'2015/04/06'),
 (345,327,500,'2015/04/06'),
 (346,93,1000,'2015/04/07'),
 (347,97,100,'2015/04/09'),
 (348,217,1000,'2014/03/24'),
 (349,37,10000,'2015/04/13'),
 (350,86,1000,'2015/04/14'),
 (351,346,50,'2015/04/16'),
 (352,375,100,'2015/04/20'),
 (353,164,500,'2015/04/21'),
 (354,185,2000,'2015/04/22'),
 (355,164,500,'2014/01/01'),
 (356,164,500,'2014/05/08'),
 (357,164,500,'2014/11/27'),
 (358,95,5000,'2014/05/19'),
 (359,95,3000,'2013/06/24'),
 (360,95,1000,'2013/04/01'),
 (361,95,1000,'2012/09/06'),
 (362,14,10000,'2012/11/06'),
 (363,14,10000,'2013/07/15'),
 (364,25,5000,'2012/03/01'),
 (365,25,5000,'2012/12/03'),
 (366,132,500,'2015/04/23'),
 (367,979,100,'2015/04/27'),
 (368,59,1000,'2014/06/20'),
 (369,217,500,'2015/04/28'),
 (370,28,4000,'2013/11/15'),
 (371,263,200,'2015/05/04'),
 (372,161,500,'2015/05/04'),
 (373,153,1000,'2015/05/04'),
 (374,260,100,'2015/05/06'),
 (375,98,1000,'2015/05/09'),
 (376,142,500,'2015/05/09'),
 (377,207,300,'2015/05/12'),
 (378,275,300,'2015/05/12'),
 (379,36,5000,'2015/05/18'),
 (380,431,500,'2014/01/30'),
 (381,272,1000,'2015/05/21'),
 (382,368,300,'2015/05/22'),
 (383,976,300,'2015/05/22'),
 (384,30,500,'2015/05/25'),
 (385,342,1000,'2015/05/26'),
 (386,166,300,'2015/05/27'),
 (387,148,500,'2015/06/05'),
 (388,344,500,'2015/06/05'),
 (389,165,500,'2015/06/05'),
 (390,149,500,'2015/06/05'),
 (391,283,100,'2015/06/05'),
 (392,614,100,'2014/06/10'),
 (393,223,100,'2015/06/06'),
 (394,270,1000,'2015/06/08'),
 (395,270,1000,'2014/05/14'),
 (396,191,500,'2015/06/10'),
 (397,132,300,'2015/06/15'),
 (398,219,100,'2015/06/16'),
 (399,363,500,'2015/06/16'),
 (400,200,100,'2015/06/18'),
 (401,350,1000,'2015/06/19'),
 (402,132,100,'2015/06/23'),
 (403,147,100,'2015/06/11'),
 (404,132,1000,'2015/05/19'),
 (405,344,200,'2015/05/07'),
 (406,132,400,'2015/05/07'),
 (407,114,500,'2015/06/24'),
 (408,132,1000,'2015/06/26'),
 (409,166,500,'2015/06/26'),
 (410,114,1500,'2015/06/29'),
 (411,74,100,'2015/06/29'),
 (412,90,1000,'2015/06/30'),
 (413,306,10000,'2015/06/30'),
 (414,14,10000,'2015/06/30'),
 (415,381,500,'2015/07/01'),
 (416,278,300,'2015/07/02'),
 (417,180,500,'2015/07/02'),
 (418,297,100,'2015/07/02'),
 (419,124,500,'2015/07/07'),
 (420,195,1000,'2015/07/09'),
 (421,288,1000,'2015/07/10'),
 (422,147,300,'2015/07/11'),
 (423,205,1000,'2015/07/18'),
 (424,383,200,'2015/07/20'),
 (425,132,1000,'2015/07/22'),
 (426,227,300,'2015/07/22'),
 (427,218,500,'2015/07/28'),
 (428,25,5000,'2015/07/29'),
 (429,106,500,'2015/02/09'),
 (430,217,500,'2015/07/31'),
 (431,331,500,'2015/07/31'),
 (432,1034,500,'2015/07/01'),
 (433,385,500,'2015/07/21'),
 (434,382,3000,'2015/07/01'),
 (435,386,100,'2015/08/03'),
 (436,232,100,'2015/08/03'),
 (437,108,300,'2015/08/04'),
 (438,134,1000,'2015/08/06'),
 (439,147,500,'2015/08/06'),
 (440,363,500,'2015/08/06'),
 (441,66,500,'2015/08/06');
/*!40000 ALTER TABLE `tbltimbres` ENABLE KEYS */;




/*!40101 SET SQL_MODE=@OLD_SQL_MODE */;
/*!40014 SET FOREIGN_KEY_CHECKS=@OLD_FOREIGN_KEY_CHECKS */;
/*!40014 SET UNIQUE_CHECKS=@OLD_UNIQUE_CHECKS */;
/*!40101 SET CHARACTER_SET_CLIENT=@OLD_CHARACTER_SET_CLIENT */;
/*!40101 SET CHARACTER_SET_RESULTS=@OLD_CHARACTER_SET_RESULTS */;
/*!40101 SET COLLATION_CONNECTION=@OLD_COLLATION_CONNECTION */;
/*!40101 SET CHARACTER_SET_CLIENT=@OLD_CHARACTER_SET_CLIENT */;
